-- phpMyAdmin SQL Dump
-- version 5.2.0
-- https://www.phpmyadmin.net/
--
-- Hôte : 127.0.0.1:3306
-- Généré le : mer. 16 avr. 2025 à 23:33
-- Version du serveur : 8.0.31
-- Version de PHP : 8.0.26

SET SQL_MODE = "NO_AUTO_VALUE_ON_ZERO";
START TRANSACTION;
SET time_zone = "+00:00";


/*!40101 SET @OLD_CHARACTER_SET_CLIENT=@@CHARACTER_SET_CLIENT */;
/*!40101 SET @OLD_CHARACTER_SET_RESULTS=@@CHARACTER_SET_RESULTS */;
/*!40101 SET @OLD_COLLATION_CONNECTION=@@COLLATION_CONNECTION */;
/*!40101 SET NAMES utf8mb4 */;

--
-- Base de données : `gmao_db`
--

DELIMITER $$
--
-- Procédures
--
DROP PROCEDURE IF EXISTS `InsertCalendarDates`$$
CREATE DEFINER=`root`@`localhost` PROCEDURE `InsertCalendarDates` ()   BEGIN
    DECLARE currentDate DATE;
    SET currentDate = '2025-01-01';

    WHILE currentDate <= '2029-12-31' DO
        INSERT INTO calendrier (Date_cal) VALUES (currentDate);
        SET currentDate = DATE_ADD(currentDate, INTERVAL 1 DAY);
    END WHILE;
END$$

--
-- Fonctions
--
DROP FUNCTION IF EXISTS `DerniereDateParSerie`$$
CREATE DEFINER=`root`@`localhost` FUNCTION `DerniereDateParSerie` (`P_Id_Serie` INT) RETURNS DATETIME DETERMINISTIC BEGIN
    DECLARE derniere_date DateTime;

    SELECT MAX(suivi_interventions.Date_Interv)
    INTO derniere_date
    FROM suivi_interventions
    JOIN planning ON suivi_interventions.Id_planning = planning.Id
    WHERE planning.Id_Serie = P_Id_Serie;

    RETURN derniere_date;
END$$

DELIMITER ;

-- --------------------------------------------------------

--
-- Structure de la table `articles`
--

DROP TABLE IF EXISTS `articles`;
CREATE TABLE IF NOT EXISTS `articles` (
  `Id` int NOT NULL AUTO_INCREMENT,
  `Id_SFamille` int NOT NULL,
  `Code` varchar(36) CHARACTER SET utf8mb4 COLLATE utf8mb4_0900_ai_ci DEFAULT NULL,
  `Reference` varchar(56) CHARACTER SET utf8mb4 COLLATE utf8mb4_0900_ai_ci DEFAULT NULL,
  `Nom_Article` varchar(120) NOT NULL,
  `Code2` varchar(36) CHARACTER SET utf8mb4 COLLATE utf8mb4_0900_ai_ci DEFAULT NULL,
  `photo` varchar(50) DEFAULT NULL,
  `IsStockable` tinyint(1) NOT NULL,
  `Info` text CHARACTER SET utf8mb4 COLLATE utf8mb4_0900_ai_ci,
  PRIMARY KEY (`Id`),
  KEY `Id_SFamille` (`Id_SFamille`)
) ENGINE=InnoDB AUTO_INCREMENT=8 DEFAULT CHARSET=utf8mb4 COLLATE=utf8mb4_0900_ai_ci;

--
-- Déchargement des données de la table `articles`
--

INSERT INTO `articles` (`Id`, `Id_SFamille`, `Code`, `Reference`, `Nom_Article`, `Code2`, `photo`, `IsStockable`, `Info`) VALUES
(1, 2, 'c1', '01', 'N1', 'C2', NULL, 0, 'test'),
(3, 1, 'c3', '03', 'N3', 'C3', NULL, 1, 'tt'),
(6, 4, 'test', 'ref1', 'nom1', 'cd', 'A_6.jpg', 0, '--'),
(7, 1, 'test2', '02', 'nom2', '022', 'A_7.jpg', 1, '-----');

-- --------------------------------------------------------

--
-- Structure de la table `articles_series`
--

DROP TABLE IF EXISTS `articles_series`;
CREATE TABLE IF NOT EXISTS `articles_series` (
  `Id` int NOT NULL AUTO_INCREMENT,
  `Id_Article` int NOT NULL,
  `QR` varchar(10) NOT NULL,
  `NumSerie` varchar(36) DEFAULT NULL,
  `Id_Marque` int DEFAULT NULL,
  `Modele` varchar(56) DEFAULT NULL,
  `Date_Fabrication` date DEFAULT NULL,
  `Date_acquisition` date DEFAULT NULL,
  `Date_MiseEnMarche` date DEFAULT NULL,
  `Date_InitialPlaning` datetime NOT NULL,
  `Id_Consommable` int DEFAULT NULL,
  `Id_Emplacement` int NOT NULL,
  `Notes` text,
  PRIMARY KEY (`Id`),
  KEY `Id_Article` (`Id_Article`),
  KEY `Id_Marque` (`Id_Marque`),
  KEY `Id_Consommable` (`Id_Consommable`)
) ENGINE=InnoDB AUTO_INCREMENT=14 DEFAULT CHARSET=utf8mb4 COLLATE=utf8mb4_0900_ai_ci;

--
-- Déchargement des données de la table `articles_series`
--

INSERT INTO `articles_series` (`Id`, `Id_Article`, `QR`, `NumSerie`, `Id_Marque`, `Modele`, `Date_Fabrication`, `Date_acquisition`, `Date_MiseEnMarche`, `Date_InitialPlaning`, `Id_Consommable`, `Id_Emplacement`, `Notes`) VALUES
(1, 1, 'QR1', 'NS1', 2, 'MODELE1_', '2025-04-05', '2025-04-23', '2025-04-25', '2025-01-01 00:00:00', 1, 1, 'test__'),
(2, 1, 'QR2', 'NS2', 2, 'MODELE2', '2025-04-05', '2025-04-22', '2025-05-03', '2025-01-01 00:00:00', 2, 1, 't'),
(9, 1, 'QR9', 'NS3', 2, 'MODELE3', '2025-04-05', '2025-04-22', '2025-05-03', '2025-01-01 00:00:00', 2, 1, 't'),
(10, 3, 'QR10', 'NS', 1, 'MODELE2', '2025-04-13', '2025-05-08', '2025-05-03', '2025-01-01 00:00:00', 2, 1, NULL),
(11, 3, 'QR11', 'NS11', 2, 'MODELE1_', '2025-03-12', '2025-05-16', '2025-05-01', '2025-01-01 00:00:00', 2, 1, NULL),
(12, 7, 'QR12', 'NS12', 2, 'MODELE', '2025-03-20', '2025-05-08', '2025-07-02', '2025-01-01 00:00:00', 2, 1, NULL),
(13, 7, 'QR13', 'NS22', 2, NULL, NULL, NULL, '2025-05-30', '2025-01-01 00:00:00', NULL, 1, NULL);

-- --------------------------------------------------------

--
-- Structure de la table `aspnetroleclaims`
--

DROP TABLE IF EXISTS `aspnetroleclaims`;
CREATE TABLE IF NOT EXISTS `aspnetroleclaims` (
  `Id` int NOT NULL AUTO_INCREMENT,
  `RoleId` varchar(191) CHARACTER SET utf8mb3 COLLATE utf8mb3_unicode_ci NOT NULL,
  `ClaimType` longtext CHARACTER SET utf8mb3 COLLATE utf8mb3_unicode_ci,
  `ClaimValue` longtext CHARACTER SET utf8mb3 COLLATE utf8mb3_unicode_ci,
  PRIMARY KEY (`Id`),
  KEY `IX_AspNetRoleClaims_RoleId` (`RoleId`)
) ENGINE=InnoDB DEFAULT CHARSET=utf8mb3 COLLATE=utf8mb3_unicode_ci;

-- --------------------------------------------------------

--
-- Structure de la table `aspnetroles`
--

DROP TABLE IF EXISTS `aspnetroles`;
CREATE TABLE IF NOT EXISTS `aspnetroles` (
  `Id` varchar(191) CHARACTER SET utf8mb3 COLLATE utf8mb3_unicode_ci NOT NULL,
  `Name` varchar(191) CHARACTER SET utf8mb3 COLLATE utf8mb3_unicode_ci DEFAULT NULL,
  `NormalizedName` varchar(191) CHARACTER SET utf8mb3 COLLATE utf8mb3_unicode_ci DEFAULT NULL,
  `ConcurrencyStamp` longtext CHARACTER SET utf8mb3 COLLATE utf8mb3_unicode_ci,
  PRIMARY KEY (`Id`),
  UNIQUE KEY `RoleNameIndex` (`NormalizedName`)
) ENGINE=InnoDB DEFAULT CHARSET=utf8mb3 COLLATE=utf8mb3_unicode_ci;

--
-- Déchargement des données de la table `aspnetroles`
--

INSERT INTO `aspnetroles` (`Id`, `Name`, `NormalizedName`, `ConcurrencyStamp`) VALUES
('090424f9-c8c1-4380-a5cd-630a8a1a9bfc', 'Admin', 'ADMIN', '1981a9bb-e3e2-4adf-8b34-88e8c5a65bcc'),
('9f22e836-5e72-43f0-941d-49935f249ff5', 'Supper Admin', 'SUPPER ADMIN', '527a8cdd-a290-457a-b9e9-3d8eaa1ee7fe');

-- --------------------------------------------------------

--
-- Structure de la table `aspnetuserclaims`
--

DROP TABLE IF EXISTS `aspnetuserclaims`;
CREATE TABLE IF NOT EXISTS `aspnetuserclaims` (
  `Id` int NOT NULL AUTO_INCREMENT,
  `UserId` varchar(191) CHARACTER SET utf8mb3 COLLATE utf8mb3_unicode_ci NOT NULL,
  `ClaimType` longtext CHARACTER SET utf8mb3 COLLATE utf8mb3_unicode_ci,
  `ClaimValue` longtext CHARACTER SET utf8mb3 COLLATE utf8mb3_unicode_ci,
  PRIMARY KEY (`Id`),
  KEY `IX_AspNetUserClaims_UserId` (`UserId`)
) ENGINE=InnoDB DEFAULT CHARSET=utf8mb3 COLLATE=utf8mb3_unicode_ci;

-- --------------------------------------------------------

--
-- Structure de la table `aspnetuserlogins`
--

DROP TABLE IF EXISTS `aspnetuserlogins`;
CREATE TABLE IF NOT EXISTS `aspnetuserlogins` (
  `LoginProvider` varchar(128) CHARACTER SET utf8mb3 COLLATE utf8mb3_unicode_ci NOT NULL,
  `ProviderKey` varchar(128) CHARACTER SET utf8mb3 COLLATE utf8mb3_unicode_ci NOT NULL,
  `ProviderDisplayName` longtext CHARACTER SET utf8mb3 COLLATE utf8mb3_unicode_ci,
  `UserId` varchar(191) CHARACTER SET utf8mb3 COLLATE utf8mb3_unicode_ci NOT NULL,
  PRIMARY KEY (`LoginProvider`,`ProviderKey`),
  KEY `IX_AspNetUserLogins_UserId` (`UserId`)
) ENGINE=InnoDB DEFAULT CHARSET=utf8mb3 COLLATE=utf8mb3_unicode_ci;

-- --------------------------------------------------------

--
-- Structure de la table `aspnetuserroles`
--

DROP TABLE IF EXISTS `aspnetuserroles`;
CREATE TABLE IF NOT EXISTS `aspnetuserroles` (
  `UserId` varchar(191) CHARACTER SET utf8mb3 COLLATE utf8mb3_unicode_ci NOT NULL,
  `RoleId` varchar(191) CHARACTER SET utf8mb3 COLLATE utf8mb3_unicode_ci NOT NULL,
  PRIMARY KEY (`UserId`,`RoleId`),
  KEY `IX_AspNetUserRoles_RoleId` (`RoleId`)
) ENGINE=InnoDB DEFAULT CHARSET=utf8mb3 COLLATE=utf8mb3_unicode_ci;

-- --------------------------------------------------------

--
-- Structure de la table `aspnetusers`
--

DROP TABLE IF EXISTS `aspnetusers`;
CREATE TABLE IF NOT EXISTS `aspnetusers` (
  `Id` varchar(191) CHARACTER SET utf8mb3 COLLATE utf8mb3_unicode_ci NOT NULL,
  `UserName` varchar(191) CHARACTER SET utf8mb3 COLLATE utf8mb3_unicode_ci DEFAULT NULL,
  `NormalizedUserName` varchar(191) CHARACTER SET utf8mb3 COLLATE utf8mb3_unicode_ci DEFAULT NULL,
  `Email` varchar(191) CHARACTER SET utf8mb3 COLLATE utf8mb3_unicode_ci DEFAULT NULL,
  `NormalizedEmail` varchar(191) CHARACTER SET utf8mb3 COLLATE utf8mb3_unicode_ci DEFAULT NULL,
  `EmailConfirmed` tinyint(1) NOT NULL,
  `PasswordHash` longtext CHARACTER SET utf8mb3 COLLATE utf8mb3_unicode_ci,
  `SecurityStamp` longtext CHARACTER SET utf8mb3 COLLATE utf8mb3_unicode_ci,
  `ConcurrencyStamp` longtext CHARACTER SET utf8mb3 COLLATE utf8mb3_unicode_ci,
  `PhoneNumber` longtext CHARACTER SET utf8mb3 COLLATE utf8mb3_unicode_ci,
  `PhoneNumberConfirmed` tinyint(1) NOT NULL,
  `TwoFactorEnabled` tinyint(1) NOT NULL,
  `LockoutEnd` datetime(6) DEFAULT NULL,
  `LockoutEnabled` tinyint(1) NOT NULL,
  `AccessFailedCount` int NOT NULL,
  `Agence_Id` int NOT NULL,
  `Vendeur_Id` int NOT NULL,
  `Password` varchar(255) CHARACTER SET utf8mb3 COLLATE utf8mb3_unicode_ci NOT NULL,
  `User_Type` char(1) CHARACTER SET utf8mb3 COLLATE utf8mb3_unicode_ci NOT NULL,
  `Alerte_MP` tinyint(1) NOT NULL DEFAULT '0',
  PRIMARY KEY (`Id`),
  UNIQUE KEY `UserNameIndex` (`NormalizedUserName`),
  KEY `EmailIndex` (`NormalizedEmail`),
  KEY `Depot_Id` (`Agence_Id`)
) ENGINE=InnoDB DEFAULT CHARSET=utf8mb3 COLLATE=utf8mb3_unicode_ci;

--
-- Déchargement des données de la table `aspnetusers`
--

INSERT INTO `aspnetusers` (`Id`, `UserName`, `NormalizedUserName`, `Email`, `NormalizedEmail`, `EmailConfirmed`, `PasswordHash`, `SecurityStamp`, `ConcurrencyStamp`, `PhoneNumber`, `PhoneNumberConfirmed`, `TwoFactorEnabled`, `LockoutEnd`, `LockoutEnabled`, `AccessFailedCount`, `Agence_Id`, `Vendeur_Id`, `Password`, `User_Type`, `Alerte_MP`) VALUES
('6125b41c-016c-4d56-83aa-8fa41cce16d0', 'Super Admin', 'SUPER ADMIN', NULL, NULL, 0, 'AQAAAAEAACcQAAAAEAYysin17Dnbc8GgncI833sF5LUZun4bxZu6eJrrU62POCwsHMosUG5pVlQTpKcp8g==', '2YP5OHZBCR6DQI4GYLDVKQV45UBSLUBZ', '16a396e8-c02c-42cf-a33f-484ad2a117a4', NULL, 0, 0, NULL, 1, 0, 1, 0, 'zNGsUz8fY9qeNsmPkdMm/npPbouXKLhWLsExFnDw0ZA=', 'S', 0),
('6ccec144-fac9-4142-9998-ef8c98f305ac', 'Ali', 'ALI', NULL, NULL, 0, 'AQAAAAEAACcQAAAAEIpYaesjBzbkUkrb/Qg4T5gKyGI4dOnJNedmeKo1Mnyiql5EZb9fupM+IBaTHeXglg==', 'FEEPGSGVXKNQKGEO6NBTLYTOULJDYACN', '375d53b9-19df-4204-9af1-c22b8e034bf5', NULL, 0, 0, NULL, 1, 0, 1, 0, 'AlfsJyXntf4nDOzsCAtL2yxqq7mHgAt3INLCOk4wYhA=', 'I', 1),
('6ccec4444-fac9-4142-9998-ef8c98f305ac', 'Hamid', 'HAMID', NULL, NULL, 0, 'AQAAAAEAACcQAAAAEIpYaesjBzbkUkrb/Qg4T5gKyGI4dOnJNedmeKo1Mnyiql5EZb9fupM+IBaTHeXglg==', 'FEEPGSGVXKNQKGEO6NBTLYTOULJDYACN', '375d53b9-19df-4204-9af1-c22b8e034bf5', NULL, 0, 0, NULL, 1, 0, 1, 0, 'AlfsJyXntf4nDOzsCAtL2yxqq7mHgAt3INLCOk4wYhA=', 'I', 0),
('6ccec583-fac9-4142-9998-ef8c98f305ac', 'Admin', 'ADMIN', NULL, NULL, 0, 'AQAAAAEAACcQAAAAEIpYaesjBzbkUkrb/Qg4T5gKyGI4dOnJNedmeKo1Mnyiql5EZb9fupM+IBaTHeXglg==', 'FEEPGSGVXKNQKGEO6NBTLYTOULJDYACN', '375d53b9-19df-4204-9af1-c22b8e034bf5', NULL, 0, 0, NULL, 1, 0, 1, 0, 'AlfsJyXntf4nDOzsCAtL2yxqq7mHgAt3INLCOk4wYhA=', 'A', 0),
('6cces741-fac9-4142-9998-ef8c98f305ac', 'Naim', 'NAIM', NULL, NULL, 0, 'AQAAAAEAACcQAAAAEIpYaesjBzbkUkrb/Qg4T5gKyGI4dOnJNedmeKo1Mnyiql5EZb9fupM+IBaTHeXglg==', 'FEEPGSGVXKNQKGEO6NBTLYTOULJDYACN', '375d53b9-19df-4204-9af1-c22b8e034bf5', NULL, 0, 0, NULL, 1, 0, 1, 0, 'AlfsJyXntf4nDOzsCAtL2yxqq7mHgAt3INLCOk4wYhA=', 'I', 0);

-- --------------------------------------------------------

--
-- Structure de la table `aspnetusertokens`
--

DROP TABLE IF EXISTS `aspnetusertokens`;
CREATE TABLE IF NOT EXISTS `aspnetusertokens` (
  `UserId` varchar(191) CHARACTER SET utf8mb3 COLLATE utf8mb3_unicode_ci NOT NULL,
  `LoginProvider` varchar(128) CHARACTER SET utf8mb3 COLLATE utf8mb3_unicode_ci NOT NULL,
  `Name` varchar(128) CHARACTER SET utf8mb3 COLLATE utf8mb3_unicode_ci NOT NULL,
  `Value` longtext CHARACTER SET utf8mb3 COLLATE utf8mb3_unicode_ci,
  PRIMARY KEY (`UserId`,`LoginProvider`,`Name`)
) ENGINE=InnoDB DEFAULT CHARSET=utf8mb3 COLLATE=utf8mb3_unicode_ci;

-- --------------------------------------------------------

--
-- Structure de la table `calendrier`
--

DROP TABLE IF EXISTS `calendrier`;
CREATE TABLE IF NOT EXISTS `calendrier` (
  `Id` int NOT NULL AUTO_INCREMENT,
  `Date_cal` date NOT NULL,
  PRIMARY KEY (`Id`)
) ENGINE=MyISAM AUTO_INCREMENT=1827 DEFAULT CHARSET=utf8mb4 COLLATE=utf8mb4_0900_ai_ci;

--
-- Déchargement des données de la table `calendrier`
--

INSERT INTO `calendrier` (`Id`, `Date_cal`) VALUES
(1, '2025-01-01'),
(2, '2025-01-02'),
(3, '2025-01-03'),
(4, '2025-01-04'),
(5, '2025-01-05'),
(6, '2025-01-06'),
(7, '2025-01-07'),
(8, '2025-01-08'),
(9, '2025-01-09'),
(10, '2025-01-10'),
(11, '2025-01-11'),
(12, '2025-01-12'),
(13, '2025-01-13'),
(14, '2025-01-14'),
(15, '2025-01-15'),
(16, '2025-01-16'),
(17, '2025-01-17'),
(18, '2025-01-18'),
(19, '2025-01-19'),
(20, '2025-01-20'),
(21, '2025-01-21'),
(22, '2025-01-22'),
(23, '2025-01-23'),
(24, '2025-01-24'),
(25, '2025-01-25'),
(26, '2025-01-26'),
(27, '2025-01-27'),
(28, '2025-01-28'),
(29, '2025-01-29'),
(30, '2025-01-30'),
(31, '2025-01-31'),
(32, '2025-02-01'),
(33, '2025-02-02'),
(34, '2025-02-03'),
(35, '2025-02-04'),
(36, '2025-02-05'),
(37, '2025-02-06'),
(38, '2025-02-07'),
(39, '2025-02-08'),
(40, '2025-02-09'),
(41, '2025-02-10'),
(42, '2025-02-11'),
(43, '2025-02-12'),
(44, '2025-02-13'),
(45, '2025-02-14'),
(46, '2025-02-15'),
(47, '2025-02-16'),
(48, '2025-02-17'),
(49, '2025-02-18'),
(50, '2025-02-19'),
(51, '2025-02-20'),
(52, '2025-02-21'),
(53, '2025-02-22'),
(54, '2025-02-23'),
(55, '2025-02-24'),
(56, '2025-02-25'),
(57, '2025-02-26'),
(58, '2025-02-27'),
(59, '2025-02-28'),
(60, '2025-03-01'),
(61, '2025-03-02'),
(62, '2025-03-03'),
(63, '2025-03-04'),
(64, '2025-03-05'),
(65, '2025-03-06'),
(66, '2025-03-07'),
(67, '2025-03-08'),
(68, '2025-03-09'),
(69, '2025-03-10'),
(70, '2025-03-11'),
(71, '2025-03-12'),
(72, '2025-03-13'),
(73, '2025-03-14'),
(74, '2025-03-15'),
(75, '2025-03-16'),
(76, '2025-03-17'),
(77, '2025-03-18'),
(78, '2025-03-19'),
(79, '2025-03-20'),
(80, '2025-03-21'),
(81, '2025-03-22'),
(82, '2025-03-23'),
(83, '2025-03-24'),
(84, '2025-03-25'),
(85, '2025-03-26'),
(86, '2025-03-27'),
(87, '2025-03-28'),
(88, '2025-03-29'),
(89, '2025-03-30'),
(90, '2025-03-31'),
(91, '2025-04-01'),
(92, '2025-04-02'),
(93, '2025-04-03'),
(94, '2025-04-04'),
(95, '2025-04-05'),
(96, '2025-04-06'),
(97, '2025-04-07'),
(98, '2025-04-08'),
(99, '2025-04-09'),
(100, '2025-04-10'),
(101, '2025-04-11'),
(102, '2025-04-12'),
(103, '2025-04-13'),
(104, '2025-04-14'),
(105, '2025-04-15'),
(106, '2025-04-16'),
(107, '2025-04-17'),
(108, '2025-04-18'),
(109, '2025-04-19'),
(110, '2025-04-20'),
(111, '2025-04-21'),
(112, '2025-04-22'),
(113, '2025-04-23'),
(114, '2025-04-24'),
(115, '2025-04-25'),
(116, '2025-04-26'),
(117, '2025-04-27'),
(118, '2025-04-28'),
(119, '2025-04-29'),
(120, '2025-04-30'),
(121, '2025-05-01'),
(122, '2025-05-02'),
(123, '2025-05-03'),
(124, '2025-05-04'),
(125, '2025-05-05'),
(126, '2025-05-06'),
(127, '2025-05-07'),
(128, '2025-05-08'),
(129, '2025-05-09'),
(130, '2025-05-10'),
(131, '2025-05-11'),
(132, '2025-05-12'),
(133, '2025-05-13'),
(134, '2025-05-14'),
(135, '2025-05-15'),
(136, '2025-05-16'),
(137, '2025-05-17'),
(138, '2025-05-18'),
(139, '2025-05-19'),
(140, '2025-05-20'),
(141, '2025-05-21'),
(142, '2025-05-22'),
(143, '2025-05-23'),
(144, '2025-05-24'),
(145, '2025-05-25'),
(146, '2025-05-26'),
(147, '2025-05-27'),
(148, '2025-05-28'),
(149, '2025-05-29'),
(150, '2025-05-30'),
(151, '2025-05-31'),
(152, '2025-06-01'),
(153, '2025-06-02'),
(154, '2025-06-03'),
(155, '2025-06-04'),
(156, '2025-06-05'),
(157, '2025-06-06'),
(158, '2025-06-07'),
(159, '2025-06-08'),
(160, '2025-06-09'),
(161, '2025-06-10'),
(162, '2025-06-11'),
(163, '2025-06-12'),
(164, '2025-06-13'),
(165, '2025-06-14'),
(166, '2025-06-15'),
(167, '2025-06-16'),
(168, '2025-06-17'),
(169, '2025-06-18'),
(170, '2025-06-19'),
(171, '2025-06-20'),
(172, '2025-06-21'),
(173, '2025-06-22'),
(174, '2025-06-23'),
(175, '2025-06-24'),
(176, '2025-06-25'),
(177, '2025-06-26'),
(178, '2025-06-27'),
(179, '2025-06-28'),
(180, '2025-06-29'),
(181, '2025-06-30'),
(182, '2025-07-01'),
(183, '2025-07-02'),
(184, '2025-07-03'),
(185, '2025-07-04'),
(186, '2025-07-05'),
(187, '2025-07-06'),
(188, '2025-07-07'),
(189, '2025-07-08'),
(190, '2025-07-09'),
(191, '2025-07-10'),
(192, '2025-07-11'),
(193, '2025-07-12'),
(194, '2025-07-13'),
(195, '2025-07-14'),
(196, '2025-07-15'),
(197, '2025-07-16'),
(198, '2025-07-17'),
(199, '2025-07-18'),
(200, '2025-07-19'),
(201, '2025-07-20'),
(202, '2025-07-21'),
(203, '2025-07-22'),
(204, '2025-07-23'),
(205, '2025-07-24'),
(206, '2025-07-25'),
(207, '2025-07-26'),
(208, '2025-07-27'),
(209, '2025-07-28'),
(210, '2025-07-29'),
(211, '2025-07-30'),
(212, '2025-07-31'),
(213, '2025-08-01'),
(214, '2025-08-02'),
(215, '2025-08-03'),
(216, '2025-08-04'),
(217, '2025-08-05'),
(218, '2025-08-06'),
(219, '2025-08-07'),
(220, '2025-08-08'),
(221, '2025-08-09'),
(222, '2025-08-10'),
(223, '2025-08-11'),
(224, '2025-08-12'),
(225, '2025-08-13'),
(226, '2025-08-14'),
(227, '2025-08-15'),
(228, '2025-08-16'),
(229, '2025-08-17'),
(230, '2025-08-18'),
(231, '2025-08-19'),
(232, '2025-08-20'),
(233, '2025-08-21'),
(234, '2025-08-22'),
(235, '2025-08-23'),
(236, '2025-08-24'),
(237, '2025-08-25'),
(238, '2025-08-26'),
(239, '2025-08-27'),
(240, '2025-08-28'),
(241, '2025-08-29'),
(242, '2025-08-30'),
(243, '2025-08-31'),
(244, '2025-09-01'),
(245, '2025-09-02'),
(246, '2025-09-03'),
(247, '2025-09-04'),
(248, '2025-09-05'),
(249, '2025-09-06'),
(250, '2025-09-07'),
(251, '2025-09-08'),
(252, '2025-09-09'),
(253, '2025-09-10'),
(254, '2025-09-11'),
(255, '2025-09-12'),
(256, '2025-09-13'),
(257, '2025-09-14'),
(258, '2025-09-15'),
(259, '2025-09-16'),
(260, '2025-09-17'),
(261, '2025-09-18'),
(262, '2025-09-19'),
(263, '2025-09-20'),
(264, '2025-09-21'),
(265, '2025-09-22'),
(266, '2025-09-23'),
(267, '2025-09-24'),
(268, '2025-09-25'),
(269, '2025-09-26'),
(270, '2025-09-27'),
(271, '2025-09-28'),
(272, '2025-09-29'),
(273, '2025-09-30'),
(274, '2025-10-01'),
(275, '2025-10-02'),
(276, '2025-10-03'),
(277, '2025-10-04'),
(278, '2025-10-05'),
(279, '2025-10-06'),
(280, '2025-10-07'),
(281, '2025-10-08'),
(282, '2025-10-09'),
(283, '2025-10-10'),
(284, '2025-10-11'),
(285, '2025-10-12'),
(286, '2025-10-13'),
(287, '2025-10-14'),
(288, '2025-10-15'),
(289, '2025-10-16'),
(290, '2025-10-17'),
(291, '2025-10-18'),
(292, '2025-10-19'),
(293, '2025-10-20'),
(294, '2025-10-21'),
(295, '2025-10-22'),
(296, '2025-10-23'),
(297, '2025-10-24'),
(298, '2025-10-25'),
(299, '2025-10-26'),
(300, '2025-10-27'),
(301, '2025-10-28'),
(302, '2025-10-29'),
(303, '2025-10-30'),
(304, '2025-10-31'),
(305, '2025-11-01'),
(306, '2025-11-02'),
(307, '2025-11-03'),
(308, '2025-11-04'),
(309, '2025-11-05'),
(310, '2025-11-06'),
(311, '2025-11-07'),
(312, '2025-11-08'),
(313, '2025-11-09'),
(314, '2025-11-10'),
(315, '2025-11-11'),
(316, '2025-11-12'),
(317, '2025-11-13'),
(318, '2025-11-14'),
(319, '2025-11-15'),
(320, '2025-11-16'),
(321, '2025-11-17'),
(322, '2025-11-18'),
(323, '2025-11-19'),
(324, '2025-11-20'),
(325, '2025-11-21'),
(326, '2025-11-22'),
(327, '2025-11-23'),
(328, '2025-11-24'),
(329, '2025-11-25'),
(330, '2025-11-26'),
(331, '2025-11-27'),
(332, '2025-11-28'),
(333, '2025-11-29'),
(334, '2025-11-30'),
(335, '2025-12-01'),
(336, '2025-12-02'),
(337, '2025-12-03'),
(338, '2025-12-04'),
(339, '2025-12-05'),
(340, '2025-12-06'),
(341, '2025-12-07'),
(342, '2025-12-08'),
(343, '2025-12-09'),
(344, '2025-12-10'),
(345, '2025-12-11'),
(346, '2025-12-12'),
(347, '2025-12-13'),
(348, '2025-12-14'),
(349, '2025-12-15'),
(350, '2025-12-16'),
(351, '2025-12-17'),
(352, '2025-12-18'),
(353, '2025-12-19'),
(354, '2025-12-20'),
(355, '2025-12-21'),
(356, '2025-12-22'),
(357, '2025-12-23'),
(358, '2025-12-24'),
(359, '2025-12-25'),
(360, '2025-12-26'),
(361, '2025-12-27'),
(362, '2025-12-28'),
(363, '2025-12-29'),
(364, '2025-12-30'),
(365, '2025-12-31'),
(366, '2026-01-01'),
(367, '2026-01-02'),
(368, '2026-01-03'),
(369, '2026-01-04'),
(370, '2026-01-05'),
(371, '2026-01-06'),
(372, '2026-01-07'),
(373, '2026-01-08'),
(374, '2026-01-09'),
(375, '2026-01-10'),
(376, '2026-01-11'),
(377, '2026-01-12'),
(378, '2026-01-13'),
(379, '2026-01-14'),
(380, '2026-01-15'),
(381, '2026-01-16'),
(382, '2026-01-17'),
(383, '2026-01-18'),
(384, '2026-01-19'),
(385, '2026-01-20'),
(386, '2026-01-21'),
(387, '2026-01-22'),
(388, '2026-01-23'),
(389, '2026-01-24'),
(390, '2026-01-25'),
(391, '2026-01-26'),
(392, '2026-01-27'),
(393, '2026-01-28'),
(394, '2026-01-29'),
(395, '2026-01-30'),
(396, '2026-01-31'),
(397, '2026-02-01'),
(398, '2026-02-02'),
(399, '2026-02-03'),
(400, '2026-02-04'),
(401, '2026-02-05'),
(402, '2026-02-06'),
(403, '2026-02-07'),
(404, '2026-02-08'),
(405, '2026-02-09'),
(406, '2026-02-10'),
(407, '2026-02-11'),
(408, '2026-02-12'),
(409, '2026-02-13'),
(410, '2026-02-14'),
(411, '2026-02-15'),
(412, '2026-02-16'),
(413, '2026-02-17'),
(414, '2026-02-18'),
(415, '2026-02-19'),
(416, '2026-02-20'),
(417, '2026-02-21'),
(418, '2026-02-22'),
(419, '2026-02-23'),
(420, '2026-02-24'),
(421, '2026-02-25'),
(422, '2026-02-26'),
(423, '2026-02-27'),
(424, '2026-02-28'),
(425, '2026-03-01'),
(426, '2026-03-02'),
(427, '2026-03-03'),
(428, '2026-03-04'),
(429, '2026-03-05'),
(430, '2026-03-06'),
(431, '2026-03-07'),
(432, '2026-03-08'),
(433, '2026-03-09'),
(434, '2026-03-10'),
(435, '2026-03-11'),
(436, '2026-03-12'),
(437, '2026-03-13'),
(438, '2026-03-14'),
(439, '2026-03-15'),
(440, '2026-03-16'),
(441, '2026-03-17'),
(442, '2026-03-18'),
(443, '2026-03-19'),
(444, '2026-03-20'),
(445, '2026-03-21'),
(446, '2026-03-22'),
(447, '2026-03-23'),
(448, '2026-03-24'),
(449, '2026-03-25'),
(450, '2026-03-26'),
(451, '2026-03-27'),
(452, '2026-03-28'),
(453, '2026-03-29'),
(454, '2026-03-30'),
(455, '2026-03-31'),
(456, '2026-04-01'),
(457, '2026-04-02'),
(458, '2026-04-03'),
(459, '2026-04-04'),
(460, '2026-04-05'),
(461, '2026-04-06'),
(462, '2026-04-07'),
(463, '2026-04-08'),
(464, '2026-04-09'),
(465, '2026-04-10'),
(466, '2026-04-11'),
(467, '2026-04-12'),
(468, '2026-04-13'),
(469, '2026-04-14'),
(470, '2026-04-15'),
(471, '2026-04-16'),
(472, '2026-04-17'),
(473, '2026-04-18'),
(474, '2026-04-19'),
(475, '2026-04-20'),
(476, '2026-04-21'),
(477, '2026-04-22'),
(478, '2026-04-23'),
(479, '2026-04-24'),
(480, '2026-04-25'),
(481, '2026-04-26'),
(482, '2026-04-27'),
(483, '2026-04-28'),
(484, '2026-04-29'),
(485, '2026-04-30'),
(486, '2026-05-01'),
(487, '2026-05-02'),
(488, '2026-05-03'),
(489, '2026-05-04'),
(490, '2026-05-05'),
(491, '2026-05-06'),
(492, '2026-05-07'),
(493, '2026-05-08'),
(494, '2026-05-09'),
(495, '2026-05-10'),
(496, '2026-05-11'),
(497, '2026-05-12'),
(498, '2026-05-13'),
(499, '2026-05-14'),
(500, '2026-05-15'),
(501, '2026-05-16'),
(502, '2026-05-17'),
(503, '2026-05-18'),
(504, '2026-05-19'),
(505, '2026-05-20'),
(506, '2026-05-21'),
(507, '2026-05-22'),
(508, '2026-05-23'),
(509, '2026-05-24'),
(510, '2026-05-25'),
(511, '2026-05-26'),
(512, '2026-05-27'),
(513, '2026-05-28'),
(514, '2026-05-29'),
(515, '2026-05-30'),
(516, '2026-05-31'),
(517, '2026-06-01'),
(518, '2026-06-02'),
(519, '2026-06-03'),
(520, '2026-06-04'),
(521, '2026-06-05'),
(522, '2026-06-06'),
(523, '2026-06-07'),
(524, '2026-06-08'),
(525, '2026-06-09'),
(526, '2026-06-10'),
(527, '2026-06-11'),
(528, '2026-06-12'),
(529, '2026-06-13'),
(530, '2026-06-14'),
(531, '2026-06-15'),
(532, '2026-06-16'),
(533, '2026-06-17'),
(534, '2026-06-18'),
(535, '2026-06-19'),
(536, '2026-06-20'),
(537, '2026-06-21'),
(538, '2026-06-22'),
(539, '2026-06-23'),
(540, '2026-06-24'),
(541, '2026-06-25'),
(542, '2026-06-26'),
(543, '2026-06-27'),
(544, '2026-06-28'),
(545, '2026-06-29'),
(546, '2026-06-30'),
(547, '2026-07-01'),
(548, '2026-07-02'),
(549, '2026-07-03'),
(550, '2026-07-04'),
(551, '2026-07-05'),
(552, '2026-07-06'),
(553, '2026-07-07'),
(554, '2026-07-08'),
(555, '2026-07-09'),
(556, '2026-07-10'),
(557, '2026-07-11'),
(558, '2026-07-12'),
(559, '2026-07-13'),
(560, '2026-07-14'),
(561, '2026-07-15'),
(562, '2026-07-16'),
(563, '2026-07-17'),
(564, '2026-07-18'),
(565, '2026-07-19'),
(566, '2026-07-20'),
(567, '2026-07-21'),
(568, '2026-07-22'),
(569, '2026-07-23'),
(570, '2026-07-24'),
(571, '2026-07-25'),
(572, '2026-07-26'),
(573, '2026-07-27'),
(574, '2026-07-28'),
(575, '2026-07-29'),
(576, '2026-07-30'),
(577, '2026-07-31'),
(578, '2026-08-01'),
(579, '2026-08-02'),
(580, '2026-08-03'),
(581, '2026-08-04'),
(582, '2026-08-05'),
(583, '2026-08-06'),
(584, '2026-08-07'),
(585, '2026-08-08'),
(586, '2026-08-09'),
(587, '2026-08-10'),
(588, '2026-08-11'),
(589, '2026-08-12'),
(590, '2026-08-13'),
(591, '2026-08-14'),
(592, '2026-08-15'),
(593, '2026-08-16'),
(594, '2026-08-17'),
(595, '2026-08-18'),
(596, '2026-08-19'),
(597, '2026-08-20'),
(598, '2026-08-21'),
(599, '2026-08-22'),
(600, '2026-08-23'),
(601, '2026-08-24'),
(602, '2026-08-25'),
(603, '2026-08-26'),
(604, '2026-08-27'),
(605, '2026-08-28'),
(606, '2026-08-29'),
(607, '2026-08-30'),
(608, '2026-08-31'),
(609, '2026-09-01'),
(610, '2026-09-02'),
(611, '2026-09-03'),
(612, '2026-09-04'),
(613, '2026-09-05'),
(614, '2026-09-06'),
(615, '2026-09-07'),
(616, '2026-09-08'),
(617, '2026-09-09'),
(618, '2026-09-10'),
(619, '2026-09-11'),
(620, '2026-09-12'),
(621, '2026-09-13'),
(622, '2026-09-14'),
(623, '2026-09-15'),
(624, '2026-09-16'),
(625, '2026-09-17'),
(626, '2026-09-18'),
(627, '2026-09-19'),
(628, '2026-09-20'),
(629, '2026-09-21'),
(630, '2026-09-22'),
(631, '2026-09-23'),
(632, '2026-09-24'),
(633, '2026-09-25'),
(634, '2026-09-26'),
(635, '2026-09-27'),
(636, '2026-09-28'),
(637, '2026-09-29'),
(638, '2026-09-30'),
(639, '2026-10-01'),
(640, '2026-10-02'),
(641, '2026-10-03'),
(642, '2026-10-04'),
(643, '2026-10-05'),
(644, '2026-10-06'),
(645, '2026-10-07'),
(646, '2026-10-08'),
(647, '2026-10-09'),
(648, '2026-10-10'),
(649, '2026-10-11'),
(650, '2026-10-12'),
(651, '2026-10-13'),
(652, '2026-10-14'),
(653, '2026-10-15'),
(654, '2026-10-16'),
(655, '2026-10-17'),
(656, '2026-10-18'),
(657, '2026-10-19'),
(658, '2026-10-20'),
(659, '2026-10-21'),
(660, '2026-10-22'),
(661, '2026-10-23'),
(662, '2026-10-24'),
(663, '2026-10-25'),
(664, '2026-10-26'),
(665, '2026-10-27'),
(666, '2026-10-28'),
(667, '2026-10-29'),
(668, '2026-10-30'),
(669, '2026-10-31'),
(670, '2026-11-01'),
(671, '2026-11-02'),
(672, '2026-11-03'),
(673, '2026-11-04'),
(674, '2026-11-05'),
(675, '2026-11-06'),
(676, '2026-11-07'),
(677, '2026-11-08'),
(678, '2026-11-09'),
(679, '2026-11-10'),
(680, '2026-11-11'),
(681, '2026-11-12'),
(682, '2026-11-13'),
(683, '2026-11-14'),
(684, '2026-11-15'),
(685, '2026-11-16'),
(686, '2026-11-17'),
(687, '2026-11-18'),
(688, '2026-11-19'),
(689, '2026-11-20'),
(690, '2026-11-21'),
(691, '2026-11-22'),
(692, '2026-11-23'),
(693, '2026-11-24'),
(694, '2026-11-25'),
(695, '2026-11-26'),
(696, '2026-11-27'),
(697, '2026-11-28'),
(698, '2026-11-29'),
(699, '2026-11-30'),
(700, '2026-12-01'),
(701, '2026-12-02'),
(702, '2026-12-03'),
(703, '2026-12-04'),
(704, '2026-12-05'),
(705, '2026-12-06'),
(706, '2026-12-07'),
(707, '2026-12-08'),
(708, '2026-12-09'),
(709, '2026-12-10'),
(710, '2026-12-11'),
(711, '2026-12-12'),
(712, '2026-12-13'),
(713, '2026-12-14'),
(714, '2026-12-15'),
(715, '2026-12-16'),
(716, '2026-12-17'),
(717, '2026-12-18'),
(718, '2026-12-19'),
(719, '2026-12-20'),
(720, '2026-12-21'),
(721, '2026-12-22'),
(722, '2026-12-23'),
(723, '2026-12-24'),
(724, '2026-12-25'),
(725, '2026-12-26'),
(726, '2026-12-27'),
(727, '2026-12-28'),
(728, '2026-12-29'),
(729, '2026-12-30'),
(730, '2026-12-31'),
(731, '2027-01-01'),
(732, '2027-01-02'),
(733, '2027-01-03'),
(734, '2027-01-04'),
(735, '2027-01-05'),
(736, '2027-01-06'),
(737, '2027-01-07'),
(738, '2027-01-08'),
(739, '2027-01-09'),
(740, '2027-01-10'),
(741, '2027-01-11'),
(742, '2027-01-12'),
(743, '2027-01-13'),
(744, '2027-01-14'),
(745, '2027-01-15'),
(746, '2027-01-16'),
(747, '2027-01-17'),
(748, '2027-01-18'),
(749, '2027-01-19'),
(750, '2027-01-20'),
(751, '2027-01-21'),
(752, '2027-01-22'),
(753, '2027-01-23'),
(754, '2027-01-24'),
(755, '2027-01-25'),
(756, '2027-01-26'),
(757, '2027-01-27'),
(758, '2027-01-28'),
(759, '2027-01-29'),
(760, '2027-01-30'),
(761, '2027-01-31'),
(762, '2027-02-01'),
(763, '2027-02-02'),
(764, '2027-02-03'),
(765, '2027-02-04'),
(766, '2027-02-05'),
(767, '2027-02-06'),
(768, '2027-02-07'),
(769, '2027-02-08'),
(770, '2027-02-09'),
(771, '2027-02-10'),
(772, '2027-02-11'),
(773, '2027-02-12'),
(774, '2027-02-13'),
(775, '2027-02-14'),
(776, '2027-02-15'),
(777, '2027-02-16'),
(778, '2027-02-17'),
(779, '2027-02-18'),
(780, '2027-02-19'),
(781, '2027-02-20'),
(782, '2027-02-21'),
(783, '2027-02-22'),
(784, '2027-02-23'),
(785, '2027-02-24'),
(786, '2027-02-25'),
(787, '2027-02-26'),
(788, '2027-02-27'),
(789, '2027-02-28'),
(790, '2027-03-01'),
(791, '2027-03-02'),
(792, '2027-03-03'),
(793, '2027-03-04'),
(794, '2027-03-05'),
(795, '2027-03-06'),
(796, '2027-03-07'),
(797, '2027-03-08'),
(798, '2027-03-09'),
(799, '2027-03-10'),
(800, '2027-03-11'),
(801, '2027-03-12'),
(802, '2027-03-13'),
(803, '2027-03-14'),
(804, '2027-03-15'),
(805, '2027-03-16'),
(806, '2027-03-17'),
(807, '2027-03-18'),
(808, '2027-03-19'),
(809, '2027-03-20'),
(810, '2027-03-21'),
(811, '2027-03-22'),
(812, '2027-03-23'),
(813, '2027-03-24'),
(814, '2027-03-25'),
(815, '2027-03-26'),
(816, '2027-03-27'),
(817, '2027-03-28'),
(818, '2027-03-29'),
(819, '2027-03-30'),
(820, '2027-03-31'),
(821, '2027-04-01'),
(822, '2027-04-02'),
(823, '2027-04-03'),
(824, '2027-04-04'),
(825, '2027-04-05'),
(826, '2027-04-06'),
(827, '2027-04-07'),
(828, '2027-04-08'),
(829, '2027-04-09'),
(830, '2027-04-10'),
(831, '2027-04-11'),
(832, '2027-04-12'),
(833, '2027-04-13'),
(834, '2027-04-14'),
(835, '2027-04-15'),
(836, '2027-04-16'),
(837, '2027-04-17'),
(838, '2027-04-18'),
(839, '2027-04-19'),
(840, '2027-04-20'),
(841, '2027-04-21'),
(842, '2027-04-22'),
(843, '2027-04-23'),
(844, '2027-04-24'),
(845, '2027-04-25'),
(846, '2027-04-26'),
(847, '2027-04-27'),
(848, '2027-04-28'),
(849, '2027-04-29'),
(850, '2027-04-30'),
(851, '2027-05-01'),
(852, '2027-05-02'),
(853, '2027-05-03'),
(854, '2027-05-04'),
(855, '2027-05-05'),
(856, '2027-05-06'),
(857, '2027-05-07'),
(858, '2027-05-08'),
(859, '2027-05-09'),
(860, '2027-05-10'),
(861, '2027-05-11'),
(862, '2027-05-12'),
(863, '2027-05-13'),
(864, '2027-05-14'),
(865, '2027-05-15'),
(866, '2027-05-16'),
(867, '2027-05-17'),
(868, '2027-05-18'),
(869, '2027-05-19'),
(870, '2027-05-20'),
(871, '2027-05-21'),
(872, '2027-05-22'),
(873, '2027-05-23'),
(874, '2027-05-24'),
(875, '2027-05-25'),
(876, '2027-05-26'),
(877, '2027-05-27'),
(878, '2027-05-28'),
(879, '2027-05-29'),
(880, '2027-05-30'),
(881, '2027-05-31'),
(882, '2027-06-01'),
(883, '2027-06-02'),
(884, '2027-06-03'),
(885, '2027-06-04'),
(886, '2027-06-05'),
(887, '2027-06-06'),
(888, '2027-06-07'),
(889, '2027-06-08'),
(890, '2027-06-09'),
(891, '2027-06-10'),
(892, '2027-06-11'),
(893, '2027-06-12'),
(894, '2027-06-13'),
(895, '2027-06-14'),
(896, '2027-06-15'),
(897, '2027-06-16'),
(898, '2027-06-17'),
(899, '2027-06-18'),
(900, '2027-06-19'),
(901, '2027-06-20'),
(902, '2027-06-21'),
(903, '2027-06-22'),
(904, '2027-06-23'),
(905, '2027-06-24'),
(906, '2027-06-25'),
(907, '2027-06-26'),
(908, '2027-06-27'),
(909, '2027-06-28'),
(910, '2027-06-29'),
(911, '2027-06-30'),
(912, '2027-07-01'),
(913, '2027-07-02'),
(914, '2027-07-03'),
(915, '2027-07-04'),
(916, '2027-07-05'),
(917, '2027-07-06'),
(918, '2027-07-07'),
(919, '2027-07-08'),
(920, '2027-07-09'),
(921, '2027-07-10'),
(922, '2027-07-11'),
(923, '2027-07-12'),
(924, '2027-07-13'),
(925, '2027-07-14'),
(926, '2027-07-15'),
(927, '2027-07-16'),
(928, '2027-07-17'),
(929, '2027-07-18'),
(930, '2027-07-19'),
(931, '2027-07-20'),
(932, '2027-07-21'),
(933, '2027-07-22'),
(934, '2027-07-23'),
(935, '2027-07-24'),
(936, '2027-07-25'),
(937, '2027-07-26'),
(938, '2027-07-27'),
(939, '2027-07-28'),
(940, '2027-07-29'),
(941, '2027-07-30'),
(942, '2027-07-31'),
(943, '2027-08-01'),
(944, '2027-08-02'),
(945, '2027-08-03'),
(946, '2027-08-04'),
(947, '2027-08-05'),
(948, '2027-08-06'),
(949, '2027-08-07'),
(950, '2027-08-08'),
(951, '2027-08-09'),
(952, '2027-08-10'),
(953, '2027-08-11'),
(954, '2027-08-12'),
(955, '2027-08-13'),
(956, '2027-08-14'),
(957, '2027-08-15'),
(958, '2027-08-16'),
(959, '2027-08-17'),
(960, '2027-08-18'),
(961, '2027-08-19'),
(962, '2027-08-20'),
(963, '2027-08-21'),
(964, '2027-08-22'),
(965, '2027-08-23'),
(966, '2027-08-24'),
(967, '2027-08-25'),
(968, '2027-08-26'),
(969, '2027-08-27'),
(970, '2027-08-28'),
(971, '2027-08-29'),
(972, '2027-08-30'),
(973, '2027-08-31'),
(974, '2027-09-01'),
(975, '2027-09-02'),
(976, '2027-09-03'),
(977, '2027-09-04'),
(978, '2027-09-05'),
(979, '2027-09-06'),
(980, '2027-09-07'),
(981, '2027-09-08'),
(982, '2027-09-09'),
(983, '2027-09-10'),
(984, '2027-09-11'),
(985, '2027-09-12'),
(986, '2027-09-13'),
(987, '2027-09-14'),
(988, '2027-09-15'),
(989, '2027-09-16'),
(990, '2027-09-17'),
(991, '2027-09-18'),
(992, '2027-09-19'),
(993, '2027-09-20'),
(994, '2027-09-21'),
(995, '2027-09-22'),
(996, '2027-09-23'),
(997, '2027-09-24'),
(998, '2027-09-25'),
(999, '2027-09-26'),
(1000, '2027-09-27'),
(1001, '2027-09-28'),
(1002, '2027-09-29'),
(1003, '2027-09-30'),
(1004, '2027-10-01'),
(1005, '2027-10-02'),
(1006, '2027-10-03'),
(1007, '2027-10-04'),
(1008, '2027-10-05'),
(1009, '2027-10-06'),
(1010, '2027-10-07'),
(1011, '2027-10-08'),
(1012, '2027-10-09'),
(1013, '2027-10-10'),
(1014, '2027-10-11'),
(1015, '2027-10-12'),
(1016, '2027-10-13'),
(1017, '2027-10-14'),
(1018, '2027-10-15'),
(1019, '2027-10-16'),
(1020, '2027-10-17'),
(1021, '2027-10-18'),
(1022, '2027-10-19'),
(1023, '2027-10-20'),
(1024, '2027-10-21'),
(1025, '2027-10-22'),
(1026, '2027-10-23'),
(1027, '2027-10-24'),
(1028, '2027-10-25'),
(1029, '2027-10-26'),
(1030, '2027-10-27'),
(1031, '2027-10-28'),
(1032, '2027-10-29'),
(1033, '2027-10-30'),
(1034, '2027-10-31'),
(1035, '2027-11-01'),
(1036, '2027-11-02'),
(1037, '2027-11-03'),
(1038, '2027-11-04'),
(1039, '2027-11-05'),
(1040, '2027-11-06'),
(1041, '2027-11-07'),
(1042, '2027-11-08'),
(1043, '2027-11-09'),
(1044, '2027-11-10'),
(1045, '2027-11-11'),
(1046, '2027-11-12'),
(1047, '2027-11-13'),
(1048, '2027-11-14'),
(1049, '2027-11-15'),
(1050, '2027-11-16'),
(1051, '2027-11-17'),
(1052, '2027-11-18'),
(1053, '2027-11-19'),
(1054, '2027-11-20'),
(1055, '2027-11-21'),
(1056, '2027-11-22'),
(1057, '2027-11-23'),
(1058, '2027-11-24'),
(1059, '2027-11-25'),
(1060, '2027-11-26'),
(1061, '2027-11-27'),
(1062, '2027-11-28'),
(1063, '2027-11-29'),
(1064, '2027-11-30'),
(1065, '2027-12-01'),
(1066, '2027-12-02'),
(1067, '2027-12-03'),
(1068, '2027-12-04'),
(1069, '2027-12-05'),
(1070, '2027-12-06'),
(1071, '2027-12-07'),
(1072, '2027-12-08'),
(1073, '2027-12-09'),
(1074, '2027-12-10'),
(1075, '2027-12-11'),
(1076, '2027-12-12'),
(1077, '2027-12-13'),
(1078, '2027-12-14'),
(1079, '2027-12-15'),
(1080, '2027-12-16'),
(1081, '2027-12-17'),
(1082, '2027-12-18'),
(1083, '2027-12-19'),
(1084, '2027-12-20'),
(1085, '2027-12-21'),
(1086, '2027-12-22'),
(1087, '2027-12-23'),
(1088, '2027-12-24'),
(1089, '2027-12-25'),
(1090, '2027-12-26'),
(1091, '2027-12-27'),
(1092, '2027-12-28'),
(1093, '2027-12-29'),
(1094, '2027-12-30'),
(1095, '2027-12-31'),
(1096, '2028-01-01'),
(1097, '2028-01-02'),
(1098, '2028-01-03'),
(1099, '2028-01-04'),
(1100, '2028-01-05'),
(1101, '2028-01-06'),
(1102, '2028-01-07'),
(1103, '2028-01-08'),
(1104, '2028-01-09'),
(1105, '2028-01-10'),
(1106, '2028-01-11'),
(1107, '2028-01-12'),
(1108, '2028-01-13'),
(1109, '2028-01-14'),
(1110, '2028-01-15'),
(1111, '2028-01-16'),
(1112, '2028-01-17'),
(1113, '2028-01-18'),
(1114, '2028-01-19'),
(1115, '2028-01-20'),
(1116, '2028-01-21'),
(1117, '2028-01-22'),
(1118, '2028-01-23'),
(1119, '2028-01-24'),
(1120, '2028-01-25'),
(1121, '2028-01-26'),
(1122, '2028-01-27'),
(1123, '2028-01-28'),
(1124, '2028-01-29'),
(1125, '2028-01-30'),
(1126, '2028-01-31'),
(1127, '2028-02-01'),
(1128, '2028-02-02'),
(1129, '2028-02-03'),
(1130, '2028-02-04'),
(1131, '2028-02-05'),
(1132, '2028-02-06'),
(1133, '2028-02-07'),
(1134, '2028-02-08'),
(1135, '2028-02-09'),
(1136, '2028-02-10'),
(1137, '2028-02-11'),
(1138, '2028-02-12'),
(1139, '2028-02-13'),
(1140, '2028-02-14'),
(1141, '2028-02-15'),
(1142, '2028-02-16'),
(1143, '2028-02-17'),
(1144, '2028-02-18'),
(1145, '2028-02-19'),
(1146, '2028-02-20'),
(1147, '2028-02-21'),
(1148, '2028-02-22'),
(1149, '2028-02-23'),
(1150, '2028-02-24'),
(1151, '2028-02-25'),
(1152, '2028-02-26'),
(1153, '2028-02-27'),
(1154, '2028-02-28'),
(1155, '2028-02-29'),
(1156, '2028-03-01'),
(1157, '2028-03-02'),
(1158, '2028-03-03'),
(1159, '2028-03-04'),
(1160, '2028-03-05'),
(1161, '2028-03-06'),
(1162, '2028-03-07'),
(1163, '2028-03-08'),
(1164, '2028-03-09'),
(1165, '2028-03-10'),
(1166, '2028-03-11'),
(1167, '2028-03-12'),
(1168, '2028-03-13'),
(1169, '2028-03-14'),
(1170, '2028-03-15'),
(1171, '2028-03-16'),
(1172, '2028-03-17'),
(1173, '2028-03-18'),
(1174, '2028-03-19'),
(1175, '2028-03-20'),
(1176, '2028-03-21'),
(1177, '2028-03-22'),
(1178, '2028-03-23'),
(1179, '2028-03-24'),
(1180, '2028-03-25'),
(1181, '2028-03-26'),
(1182, '2028-03-27'),
(1183, '2028-03-28'),
(1184, '2028-03-29'),
(1185, '2028-03-30'),
(1186, '2028-03-31'),
(1187, '2028-04-01'),
(1188, '2028-04-02'),
(1189, '2028-04-03'),
(1190, '2028-04-04'),
(1191, '2028-04-05'),
(1192, '2028-04-06'),
(1193, '2028-04-07'),
(1194, '2028-04-08'),
(1195, '2028-04-09'),
(1196, '2028-04-10'),
(1197, '2028-04-11'),
(1198, '2028-04-12'),
(1199, '2028-04-13'),
(1200, '2028-04-14'),
(1201, '2028-04-15'),
(1202, '2028-04-16'),
(1203, '2028-04-17'),
(1204, '2028-04-18'),
(1205, '2028-04-19'),
(1206, '2028-04-20'),
(1207, '2028-04-21'),
(1208, '2028-04-22'),
(1209, '2028-04-23'),
(1210, '2028-04-24'),
(1211, '2028-04-25'),
(1212, '2028-04-26'),
(1213, '2028-04-27'),
(1214, '2028-04-28'),
(1215, '2028-04-29'),
(1216, '2028-04-30'),
(1217, '2028-05-01'),
(1218, '2028-05-02'),
(1219, '2028-05-03'),
(1220, '2028-05-04'),
(1221, '2028-05-05'),
(1222, '2028-05-06'),
(1223, '2028-05-07'),
(1224, '2028-05-08'),
(1225, '2028-05-09'),
(1226, '2028-05-10'),
(1227, '2028-05-11'),
(1228, '2028-05-12'),
(1229, '2028-05-13'),
(1230, '2028-05-14'),
(1231, '2028-05-15'),
(1232, '2028-05-16'),
(1233, '2028-05-17'),
(1234, '2028-05-18'),
(1235, '2028-05-19'),
(1236, '2028-05-20'),
(1237, '2028-05-21'),
(1238, '2028-05-22'),
(1239, '2028-05-23'),
(1240, '2028-05-24'),
(1241, '2028-05-25'),
(1242, '2028-05-26'),
(1243, '2028-05-27'),
(1244, '2028-05-28'),
(1245, '2028-05-29'),
(1246, '2028-05-30'),
(1247, '2028-05-31'),
(1248, '2028-06-01'),
(1249, '2028-06-02'),
(1250, '2028-06-03'),
(1251, '2028-06-04'),
(1252, '2028-06-05'),
(1253, '2028-06-06'),
(1254, '2028-06-07'),
(1255, '2028-06-08'),
(1256, '2028-06-09'),
(1257, '2028-06-10'),
(1258, '2028-06-11'),
(1259, '2028-06-12'),
(1260, '2028-06-13'),
(1261, '2028-06-14'),
(1262, '2028-06-15'),
(1263, '2028-06-16'),
(1264, '2028-06-17'),
(1265, '2028-06-18'),
(1266, '2028-06-19'),
(1267, '2028-06-20'),
(1268, '2028-06-21'),
(1269, '2028-06-22'),
(1270, '2028-06-23'),
(1271, '2028-06-24'),
(1272, '2028-06-25'),
(1273, '2028-06-26'),
(1274, '2028-06-27'),
(1275, '2028-06-28'),
(1276, '2028-06-29'),
(1277, '2028-06-30'),
(1278, '2028-07-01'),
(1279, '2028-07-02'),
(1280, '2028-07-03'),
(1281, '2028-07-04'),
(1282, '2028-07-05'),
(1283, '2028-07-06'),
(1284, '2028-07-07'),
(1285, '2028-07-08'),
(1286, '2028-07-09'),
(1287, '2028-07-10'),
(1288, '2028-07-11'),
(1289, '2028-07-12'),
(1290, '2028-07-13'),
(1291, '2028-07-14'),
(1292, '2028-07-15'),
(1293, '2028-07-16'),
(1294, '2028-07-17'),
(1295, '2028-07-18'),
(1296, '2028-07-19'),
(1297, '2028-07-20'),
(1298, '2028-07-21'),
(1299, '2028-07-22'),
(1300, '2028-07-23'),
(1301, '2028-07-24'),
(1302, '2028-07-25'),
(1303, '2028-07-26'),
(1304, '2028-07-27'),
(1305, '2028-07-28'),
(1306, '2028-07-29'),
(1307, '2028-07-30'),
(1308, '2028-07-31'),
(1309, '2028-08-01'),
(1310, '2028-08-02'),
(1311, '2028-08-03'),
(1312, '2028-08-04'),
(1313, '2028-08-05'),
(1314, '2028-08-06'),
(1315, '2028-08-07'),
(1316, '2028-08-08'),
(1317, '2028-08-09'),
(1318, '2028-08-10'),
(1319, '2028-08-11'),
(1320, '2028-08-12'),
(1321, '2028-08-13'),
(1322, '2028-08-14'),
(1323, '2028-08-15'),
(1324, '2028-08-16'),
(1325, '2028-08-17'),
(1326, '2028-08-18'),
(1327, '2028-08-19'),
(1328, '2028-08-20'),
(1329, '2028-08-21'),
(1330, '2028-08-22'),
(1331, '2028-08-23'),
(1332, '2028-08-24'),
(1333, '2028-08-25'),
(1334, '2028-08-26'),
(1335, '2028-08-27'),
(1336, '2028-08-28'),
(1337, '2028-08-29'),
(1338, '2028-08-30'),
(1339, '2028-08-31'),
(1340, '2028-09-01'),
(1341, '2028-09-02'),
(1342, '2028-09-03'),
(1343, '2028-09-04'),
(1344, '2028-09-05'),
(1345, '2028-09-06'),
(1346, '2028-09-07'),
(1347, '2028-09-08'),
(1348, '2028-09-09'),
(1349, '2028-09-10'),
(1350, '2028-09-11'),
(1351, '2028-09-12'),
(1352, '2028-09-13'),
(1353, '2028-09-14'),
(1354, '2028-09-15'),
(1355, '2028-09-16'),
(1356, '2028-09-17'),
(1357, '2028-09-18'),
(1358, '2028-09-19'),
(1359, '2028-09-20'),
(1360, '2028-09-21'),
(1361, '2028-09-22'),
(1362, '2028-09-23'),
(1363, '2028-09-24'),
(1364, '2028-09-25'),
(1365, '2028-09-26'),
(1366, '2028-09-27'),
(1367, '2028-09-28'),
(1368, '2028-09-29'),
(1369, '2028-09-30'),
(1370, '2028-10-01'),
(1371, '2028-10-02'),
(1372, '2028-10-03'),
(1373, '2028-10-04'),
(1374, '2028-10-05'),
(1375, '2028-10-06'),
(1376, '2028-10-07'),
(1377, '2028-10-08'),
(1378, '2028-10-09'),
(1379, '2028-10-10'),
(1380, '2028-10-11'),
(1381, '2028-10-12'),
(1382, '2028-10-13'),
(1383, '2028-10-14'),
(1384, '2028-10-15'),
(1385, '2028-10-16'),
(1386, '2028-10-17'),
(1387, '2028-10-18'),
(1388, '2028-10-19'),
(1389, '2028-10-20'),
(1390, '2028-10-21'),
(1391, '2028-10-22'),
(1392, '2028-10-23'),
(1393, '2028-10-24'),
(1394, '2028-10-25'),
(1395, '2028-10-26'),
(1396, '2028-10-27'),
(1397, '2028-10-28'),
(1398, '2028-10-29'),
(1399, '2028-10-30'),
(1400, '2028-10-31'),
(1401, '2028-11-01'),
(1402, '2028-11-02'),
(1403, '2028-11-03'),
(1404, '2028-11-04'),
(1405, '2028-11-05'),
(1406, '2028-11-06'),
(1407, '2028-11-07'),
(1408, '2028-11-08'),
(1409, '2028-11-09'),
(1410, '2028-11-10'),
(1411, '2028-11-11'),
(1412, '2028-11-12'),
(1413, '2028-11-13'),
(1414, '2028-11-14'),
(1415, '2028-11-15'),
(1416, '2028-11-16'),
(1417, '2028-11-17'),
(1418, '2028-11-18'),
(1419, '2028-11-19'),
(1420, '2028-11-20'),
(1421, '2028-11-21'),
(1422, '2028-11-22'),
(1423, '2028-11-23'),
(1424, '2028-11-24'),
(1425, '2028-11-25'),
(1426, '2028-11-26'),
(1427, '2028-11-27'),
(1428, '2028-11-28'),
(1429, '2028-11-29'),
(1430, '2028-11-30'),
(1431, '2028-12-01'),
(1432, '2028-12-02'),
(1433, '2028-12-03'),
(1434, '2028-12-04'),
(1435, '2028-12-05'),
(1436, '2028-12-06'),
(1437, '2028-12-07'),
(1438, '2028-12-08'),
(1439, '2028-12-09'),
(1440, '2028-12-10'),
(1441, '2028-12-11'),
(1442, '2028-12-12'),
(1443, '2028-12-13'),
(1444, '2028-12-14'),
(1445, '2028-12-15'),
(1446, '2028-12-16'),
(1447, '2028-12-17'),
(1448, '2028-12-18'),
(1449, '2028-12-19'),
(1450, '2028-12-20'),
(1451, '2028-12-21'),
(1452, '2028-12-22'),
(1453, '2028-12-23'),
(1454, '2028-12-24'),
(1455, '2028-12-25'),
(1456, '2028-12-26'),
(1457, '2028-12-27'),
(1458, '2028-12-28'),
(1459, '2028-12-29'),
(1460, '2028-12-30'),
(1461, '2028-12-31'),
(1462, '2029-01-01'),
(1463, '2029-01-02'),
(1464, '2029-01-03'),
(1465, '2029-01-04'),
(1466, '2029-01-05'),
(1467, '2029-01-06'),
(1468, '2029-01-07'),
(1469, '2029-01-08'),
(1470, '2029-01-09'),
(1471, '2029-01-10'),
(1472, '2029-01-11'),
(1473, '2029-01-12'),
(1474, '2029-01-13'),
(1475, '2029-01-14'),
(1476, '2029-01-15'),
(1477, '2029-01-16'),
(1478, '2029-01-17'),
(1479, '2029-01-18'),
(1480, '2029-01-19'),
(1481, '2029-01-20'),
(1482, '2029-01-21'),
(1483, '2029-01-22'),
(1484, '2029-01-23'),
(1485, '2029-01-24'),
(1486, '2029-01-25'),
(1487, '2029-01-26'),
(1488, '2029-01-27'),
(1489, '2029-01-28'),
(1490, '2029-01-29'),
(1491, '2029-01-30'),
(1492, '2029-01-31'),
(1493, '2029-02-01'),
(1494, '2029-02-02'),
(1495, '2029-02-03'),
(1496, '2029-02-04'),
(1497, '2029-02-05'),
(1498, '2029-02-06'),
(1499, '2029-02-07'),
(1500, '2029-02-08'),
(1501, '2029-02-09'),
(1502, '2029-02-10'),
(1503, '2029-02-11'),
(1504, '2029-02-12'),
(1505, '2029-02-13'),
(1506, '2029-02-14'),
(1507, '2029-02-15'),
(1508, '2029-02-16'),
(1509, '2029-02-17'),
(1510, '2029-02-18'),
(1511, '2029-02-19'),
(1512, '2029-02-20'),
(1513, '2029-02-21'),
(1514, '2029-02-22'),
(1515, '2029-02-23'),
(1516, '2029-02-24'),
(1517, '2029-02-25'),
(1518, '2029-02-26'),
(1519, '2029-02-27'),
(1520, '2029-02-28'),
(1521, '2029-03-01'),
(1522, '2029-03-02'),
(1523, '2029-03-03'),
(1524, '2029-03-04'),
(1525, '2029-03-05'),
(1526, '2029-03-06'),
(1527, '2029-03-07'),
(1528, '2029-03-08'),
(1529, '2029-03-09'),
(1530, '2029-03-10'),
(1531, '2029-03-11'),
(1532, '2029-03-12'),
(1533, '2029-03-13'),
(1534, '2029-03-14'),
(1535, '2029-03-15'),
(1536, '2029-03-16'),
(1537, '2029-03-17'),
(1538, '2029-03-18'),
(1539, '2029-03-19'),
(1540, '2029-03-20'),
(1541, '2029-03-21'),
(1542, '2029-03-22'),
(1543, '2029-03-23'),
(1544, '2029-03-24'),
(1545, '2029-03-25'),
(1546, '2029-03-26'),
(1547, '2029-03-27'),
(1548, '2029-03-28'),
(1549, '2029-03-29'),
(1550, '2029-03-30'),
(1551, '2029-03-31'),
(1552, '2029-04-01'),
(1553, '2029-04-02'),
(1554, '2029-04-03'),
(1555, '2029-04-04'),
(1556, '2029-04-05'),
(1557, '2029-04-06'),
(1558, '2029-04-07'),
(1559, '2029-04-08'),
(1560, '2029-04-09'),
(1561, '2029-04-10'),
(1562, '2029-04-11'),
(1563, '2029-04-12'),
(1564, '2029-04-13'),
(1565, '2029-04-14'),
(1566, '2029-04-15'),
(1567, '2029-04-16'),
(1568, '2029-04-17'),
(1569, '2029-04-18'),
(1570, '2029-04-19'),
(1571, '2029-04-20'),
(1572, '2029-04-21'),
(1573, '2029-04-22'),
(1574, '2029-04-23'),
(1575, '2029-04-24'),
(1576, '2029-04-25'),
(1577, '2029-04-26'),
(1578, '2029-04-27'),
(1579, '2029-04-28'),
(1580, '2029-04-29'),
(1581, '2029-04-30'),
(1582, '2029-05-01'),
(1583, '2029-05-02'),
(1584, '2029-05-03'),
(1585, '2029-05-04'),
(1586, '2029-05-05'),
(1587, '2029-05-06'),
(1588, '2029-05-07'),
(1589, '2029-05-08'),
(1590, '2029-05-09'),
(1591, '2029-05-10'),
(1592, '2029-05-11'),
(1593, '2029-05-12'),
(1594, '2029-05-13'),
(1595, '2029-05-14'),
(1596, '2029-05-15'),
(1597, '2029-05-16'),
(1598, '2029-05-17'),
(1599, '2029-05-18'),
(1600, '2029-05-19'),
(1601, '2029-05-20'),
(1602, '2029-05-21'),
(1603, '2029-05-22'),
(1604, '2029-05-23'),
(1605, '2029-05-24'),
(1606, '2029-05-25'),
(1607, '2029-05-26'),
(1608, '2029-05-27'),
(1609, '2029-05-28'),
(1610, '2029-05-29'),
(1611, '2029-05-30'),
(1612, '2029-05-31'),
(1613, '2029-06-01'),
(1614, '2029-06-02'),
(1615, '2029-06-03'),
(1616, '2029-06-04'),
(1617, '2029-06-05'),
(1618, '2029-06-06'),
(1619, '2029-06-07'),
(1620, '2029-06-08'),
(1621, '2029-06-09'),
(1622, '2029-06-10'),
(1623, '2029-06-11'),
(1624, '2029-06-12'),
(1625, '2029-06-13'),
(1626, '2029-06-14'),
(1627, '2029-06-15'),
(1628, '2029-06-16'),
(1629, '2029-06-17'),
(1630, '2029-06-18'),
(1631, '2029-06-19'),
(1632, '2029-06-20'),
(1633, '2029-06-21'),
(1634, '2029-06-22'),
(1635, '2029-06-23'),
(1636, '2029-06-24'),
(1637, '2029-06-25'),
(1638, '2029-06-26'),
(1639, '2029-06-27'),
(1640, '2029-06-28'),
(1641, '2029-06-29'),
(1642, '2029-06-30'),
(1643, '2029-07-01'),
(1644, '2029-07-02'),
(1645, '2029-07-03'),
(1646, '2029-07-04'),
(1647, '2029-07-05'),
(1648, '2029-07-06'),
(1649, '2029-07-07'),
(1650, '2029-07-08'),
(1651, '2029-07-09'),
(1652, '2029-07-10'),
(1653, '2029-07-11'),
(1654, '2029-07-12'),
(1655, '2029-07-13'),
(1656, '2029-07-14'),
(1657, '2029-07-15'),
(1658, '2029-07-16'),
(1659, '2029-07-17'),
(1660, '2029-07-18'),
(1661, '2029-07-19'),
(1662, '2029-07-20'),
(1663, '2029-07-21'),
(1664, '2029-07-22'),
(1665, '2029-07-23'),
(1666, '2029-07-24'),
(1667, '2029-07-25'),
(1668, '2029-07-26'),
(1669, '2029-07-27'),
(1670, '2029-07-28'),
(1671, '2029-07-29'),
(1672, '2029-07-30'),
(1673, '2029-07-31'),
(1674, '2029-08-01'),
(1675, '2029-08-02'),
(1676, '2029-08-03'),
(1677, '2029-08-04'),
(1678, '2029-08-05'),
(1679, '2029-08-06'),
(1680, '2029-08-07'),
(1681, '2029-08-08'),
(1682, '2029-08-09'),
(1683, '2029-08-10'),
(1684, '2029-08-11'),
(1685, '2029-08-12'),
(1686, '2029-08-13'),
(1687, '2029-08-14'),
(1688, '2029-08-15'),
(1689, '2029-08-16'),
(1690, '2029-08-17'),
(1691, '2029-08-18'),
(1692, '2029-08-19'),
(1693, '2029-08-20'),
(1694, '2029-08-21'),
(1695, '2029-08-22'),
(1696, '2029-08-23'),
(1697, '2029-08-24'),
(1698, '2029-08-25'),
(1699, '2029-08-26'),
(1700, '2029-08-27'),
(1701, '2029-08-28'),
(1702, '2029-08-29'),
(1703, '2029-08-30'),
(1704, '2029-08-31'),
(1705, '2029-09-01'),
(1706, '2029-09-02'),
(1707, '2029-09-03'),
(1708, '2029-09-04'),
(1709, '2029-09-05'),
(1710, '2029-09-06'),
(1711, '2029-09-07'),
(1712, '2029-09-08'),
(1713, '2029-09-09'),
(1714, '2029-09-10'),
(1715, '2029-09-11'),
(1716, '2029-09-12'),
(1717, '2029-09-13'),
(1718, '2029-09-14'),
(1719, '2029-09-15'),
(1720, '2029-09-16'),
(1721, '2029-09-17'),
(1722, '2029-09-18'),
(1723, '2029-09-19'),
(1724, '2029-09-20'),
(1725, '2029-09-21'),
(1726, '2029-09-22'),
(1727, '2029-09-23'),
(1728, '2029-09-24'),
(1729, '2029-09-25'),
(1730, '2029-09-26'),
(1731, '2029-09-27'),
(1732, '2029-09-28'),
(1733, '2029-09-29'),
(1734, '2029-09-30'),
(1735, '2029-10-01'),
(1736, '2029-10-02'),
(1737, '2029-10-03'),
(1738, '2029-10-04'),
(1739, '2029-10-05'),
(1740, '2029-10-06'),
(1741, '2029-10-07'),
(1742, '2029-10-08'),
(1743, '2029-10-09'),
(1744, '2029-10-10'),
(1745, '2029-10-11'),
(1746, '2029-10-12'),
(1747, '2029-10-13'),
(1748, '2029-10-14'),
(1749, '2029-10-15'),
(1750, '2029-10-16'),
(1751, '2029-10-17'),
(1752, '2029-10-18'),
(1753, '2029-10-19'),
(1754, '2029-10-20'),
(1755, '2029-10-21'),
(1756, '2029-10-22'),
(1757, '2029-10-23'),
(1758, '2029-10-24'),
(1759, '2029-10-25'),
(1760, '2029-10-26'),
(1761, '2029-10-27'),
(1762, '2029-10-28'),
(1763, '2029-10-29'),
(1764, '2029-10-30'),
(1765, '2029-10-31'),
(1766, '2029-11-01'),
(1767, '2029-11-02'),
(1768, '2029-11-03'),
(1769, '2029-11-04'),
(1770, '2029-11-05'),
(1771, '2029-11-06'),
(1772, '2029-11-07'),
(1773, '2029-11-08'),
(1774, '2029-11-09'),
(1775, '2029-11-10'),
(1776, '2029-11-11'),
(1777, '2029-11-12'),
(1778, '2029-11-13'),
(1779, '2029-11-14'),
(1780, '2029-11-15'),
(1781, '2029-11-16'),
(1782, '2029-11-17'),
(1783, '2029-11-18'),
(1784, '2029-11-19'),
(1785, '2029-11-20'),
(1786, '2029-11-21'),
(1787, '2029-11-22'),
(1788, '2029-11-23'),
(1789, '2029-11-24'),
(1790, '2029-11-25'),
(1791, '2029-11-26'),
(1792, '2029-11-27'),
(1793, '2029-11-28'),
(1794, '2029-11-29'),
(1795, '2029-11-30'),
(1796, '2029-12-01'),
(1797, '2029-12-02'),
(1798, '2029-12-03'),
(1799, '2029-12-04'),
(1800, '2029-12-05'),
(1801, '2029-12-06'),
(1802, '2029-12-07'),
(1803, '2029-12-08'),
(1804, '2029-12-09'),
(1805, '2029-12-10'),
(1806, '2029-12-11'),
(1807, '2029-12-12'),
(1808, '2029-12-13'),
(1809, '2029-12-14'),
(1810, '2029-12-15'),
(1811, '2029-12-16'),
(1812, '2029-12-17'),
(1813, '2029-12-18'),
(1814, '2029-12-19'),
(1815, '2029-12-20'),
(1816, '2029-12-21'),
(1817, '2029-12-22'),
(1818, '2029-12-23'),
(1819, '2029-12-24'),
(1820, '2029-12-25'),
(1821, '2029-12-26'),
(1822, '2029-12-27'),
(1823, '2029-12-28'),
(1824, '2029-12-29'),
(1825, '2029-12-30'),
(1826, '2029-12-31');

-- --------------------------------------------------------

--
-- Structure de la table `consommables`
--

DROP TABLE IF EXISTS `consommables`;
CREATE TABLE IF NOT EXISTS `consommables` (
  `Id` int NOT NULL AUTO_INCREMENT,
  `Nom_Consommable` varchar(50) CHARACTER SET utf8mb4 COLLATE utf8mb4_0900_ai_ci NOT NULL,
  PRIMARY KEY (`Id`)
) ENGINE=InnoDB AUTO_INCREMENT=3 DEFAULT CHARSET=utf8mb4 COLLATE=utf8mb4_0900_ai_ci;

--
-- Déchargement des données de la table `consommables`
--

INSERT INTO `consommables` (`Id`, `Nom_Consommable`) VALUES
(1, 'C1'),
(2, 'C2');

-- --------------------------------------------------------

--
-- Structure de la table `constats`
--

DROP TABLE IF EXISTS `constats`;
CREATE TABLE IF NOT EXISTS `constats` (
  `Id` int NOT NULL AUTO_INCREMENT,
  `Id_intervenant` int NOT NULL,
  `Date` date NOT NULL,
  `Note` text NOT NULL,
  `Id_article_serie` int NOT NULL,
  PRIMARY KEY (`Id`),
  KEY `Id_article_serie` (`Id_article_serie`)
) ENGINE=InnoDB DEFAULT CHARSET=utf8mb4 COLLATE=utf8mb4_0900_ai_ci;

-- --------------------------------------------------------

--
-- Structure de la table `emplacements`
--

DROP TABLE IF EXISTS `emplacements`;
CREATE TABLE IF NOT EXISTS `emplacements` (
  `Id` int NOT NULL AUTO_INCREMENT,
  `Id_Site` int NOT NULL,
  `Nom_Emplacement` varchar(100) NOT NULL,
  PRIMARY KEY (`Id`),
  KEY `Id_Site` (`Id_Site`)
) ENGINE=InnoDB AUTO_INCREMENT=2 DEFAULT CHARSET=utf8mb4 COLLATE=utf8mb4_0900_ai_ci;

--
-- Déchargement des données de la table `emplacements`
--

INSERT INTO `emplacements` (`Id`, `Id_Site`, `Nom_Emplacement`) VALUES
(1, 1, 'E1');

-- --------------------------------------------------------

--
-- Structure de la table `familles`
--

DROP TABLE IF EXISTS `familles`;
CREATE TABLE IF NOT EXISTS `familles` (
  `Id` int NOT NULL AUTO_INCREMENT,
  `Id_Groupe` int NOT NULL,
  `Nom_Famille` varchar(50) CHARACTER SET utf8mb4 COLLATE utf8mb4_0900_ai_ci NOT NULL,
  PRIMARY KEY (`Id`),
  KEY `Id_Groupe` (`Id_Groupe`)
) ENGINE=InnoDB AUTO_INCREMENT=3 DEFAULT CHARSET=utf8mb4 COLLATE=utf8mb4_0900_ai_ci;

--
-- Déchargement des données de la table `familles`
--

INSERT INTO `familles` (`Id`, `Id_Groupe`, `Nom_Famille`) VALUES
(1, 1, 'F1'),
(2, 1, 'F2');

-- --------------------------------------------------------

--
-- Structure de la table `groupes`
--

DROP TABLE IF EXISTS `groupes`;
CREATE TABLE IF NOT EXISTS `groupes` (
  `Id` int NOT NULL AUTO_INCREMENT,
  `Nom_Groupe` varchar(50) NOT NULL,
  PRIMARY KEY (`Id`)
) ENGINE=InnoDB AUTO_INCREMENT=2 DEFAULT CHARSET=utf8mb4 COLLATE=utf8mb4_0900_ai_ci;

--
-- Déchargement des données de la table `groupes`
--

INSERT INTO `groupes` (`Id`, `Nom_Groupe`) VALUES
(1, 'Divers');

-- --------------------------------------------------------

--
-- Structure de la table `intervenants`
--

DROP TABLE IF EXISTS `intervenants`;
CREATE TABLE IF NOT EXISTS `intervenants` (
  `Id` int NOT NULL AUTO_INCREMENT,
  `Code` varchar(16) NOT NULL,
  `Nom` varchar(50) NOT NULL,
  `CIN` varchar(10) NOT NULL,
  `Telephone` varchar(15) NOT NULL,
  `Mail` varchar(50) NOT NULL,
  `Id_user` varchar(191) DEFAULT NULL,
  PRIMARY KEY (`Id`)
) ENGINE=InnoDB AUTO_INCREMENT=13 DEFAULT CHARSET=utf8mb4 COLLATE=utf8mb4_0900_ai_ci;

--
-- Déchargement des données de la table `intervenants`
--

INSERT INTO `intervenants` (`Id`, `Code`, `Nom`, `CIN`, `Telephone`, `Mail`, `Id_user`) VALUES
(1, '1', 'Naim', 'AD252525', '0606060606', 'test@gmail.com', '6cces741-fac9-4142-9998-ef8c98f305ac'),
(2, '12', 'Ali', 'AD35', '0606060606', 'test@gmail.com', '6ccec144-fac9-4142-9998-ef8c98f305ac'),
(12, '12', 'Hamid', 'AD35', '0606060606', 'test@gmail.com', '6ccec4444-fac9-4142-9998-ef8c98f305ac');

-- --------------------------------------------------------

--
-- Structure de la table `intervenant_profiles`
--

DROP TABLE IF EXISTS `intervenant_profiles`;
CREATE TABLE IF NOT EXISTS `intervenant_profiles` (
  `Id` int NOT NULL AUTO_INCREMENT,
  `Id_Intervenant` int NOT NULL,
  `Id_Profile` int NOT NULL,
  PRIMARY KEY (`Id`)
) ENGINE=MyISAM DEFAULT CHARSET=utf8mb4 COLLATE=utf8mb4_0900_ai_ci;

-- --------------------------------------------------------

--
-- Structure de la table `interventions_details`
--

DROP TABLE IF EXISTS `interventions_details`;
CREATE TABLE IF NOT EXISTS `interventions_details` (
  `Id` int NOT NULL AUTO_INCREMENT,
  `Id_interventions` int NOT NULL,
  `Id_operation` int NOT NULL,
  `Note` int NOT NULL,
  PRIMARY KEY (`Id`),
  KEY `Id_interventions` (`Id_interventions`),
  KEY `Id_action` (`Id_operation`)
) ENGINE=InnoDB DEFAULT CHARSET=utf8mb4 COLLATE=utf8mb4_0900_ai_ci;

-- --------------------------------------------------------

--
-- Structure de la table `marques`
--

DROP TABLE IF EXISTS `marques`;
CREATE TABLE IF NOT EXISTS `marques` (
  `Id` int NOT NULL AUTO_INCREMENT,
  `Nom_Marque` varchar(50) NOT NULL,
  PRIMARY KEY (`Id`)
) ENGINE=InnoDB AUTO_INCREMENT=3 DEFAULT CHARSET=utf8mb4 COLLATE=utf8mb4_0900_ai_ci;

--
-- Déchargement des données de la table `marques`
--

INSERT INTO `marques` (`Id`, `Nom_Marque`) VALUES
(1, 'M1'),
(2, 'M2');

-- --------------------------------------------------------

--
-- Structure de la table `modes_operatoires`
--

DROP TABLE IF EXISTS `modes_operatoires`;
CREATE TABLE IF NOT EXISTS `modes_operatoires` (
  `Id` int NOT NULL AUTO_INCREMENT,
  `Id_operation` int NOT NULL,
  `Id_consommable` int NOT NULL,
  `Action` text NOT NULL,
  PRIMARY KEY (`Id`),
  KEY `Id_operation` (`Id_operation`),
  KEY `Id_consommable` (`Id_consommable`)
) ENGINE=InnoDB AUTO_INCREMENT=2 DEFAULT CHARSET=utf8mb4 COLLATE=utf8mb4_0900_ai_ci;

--
-- Déchargement des données de la table `modes_operatoires`
--

INSERT INTO `modes_operatoires` (`Id`, `Id_operation`, `Id_consommable`, `Action`) VALUES
(1, 2, 1, 'Action1');

-- --------------------------------------------------------

--
-- Structure de la table `operations`
--

DROP TABLE IF EXISTS `operations`;
CREATE TABLE IF NOT EXISTS `operations` (
  `Id` int NOT NULL AUTO_INCREMENT,
  `Nom_operation` varchar(50) NOT NULL,
  PRIMARY KEY (`Id`)
) ENGINE=InnoDB AUTO_INCREMENT=4 DEFAULT CHARSET=utf8mb4 COLLATE=utf8mb4_0900_ai_ci;

--
-- Déchargement des données de la table `operations`
--

INSERT INTO `operations` (`Id`, `Nom_operation`) VALUES
(1, 'Nettoyage'),
(2, 'Calibrage, reconfiguration et tests');

-- --------------------------------------------------------

--
-- Structure de la table `operations_par_categories`
--

DROP TABLE IF EXISTS `operations_par_categories`;
CREATE TABLE IF NOT EXISTS `operations_par_categories` (
  `Id` int NOT NULL AUTO_INCREMENT,
  `Id_Serie` int NOT NULL,
  `Id_operation` int NOT NULL,
  `Id_periodicite` int NOT NULL,
  `Commentaire` text,
  PRIMARY KEY (`Id`)
) ENGINE=InnoDB AUTO_INCREMENT=15 DEFAULT CHARSET=utf8mb4 COLLATE=utf8mb4_0900_ai_ci;

--
-- Déchargement des données de la table `operations_par_categories`
--

INSERT INTO `operations_par_categories` (`Id`, `Id_Serie`, `Id_operation`, `Id_periodicite`, `Commentaire`) VALUES
(1, 1, 2, 2, NULL),
(2, 2, 2, 2, NULL),
(8, 11, 2, 1, NULL),
(9, 12, 2, 1, NULL),
(12, 11, 1, 1, NULL),
(13, 12, 1, 1, NULL);

-- --------------------------------------------------------

--
-- Structure de la table `periodicites`
--

DROP TABLE IF EXISTS `periodicites`;
CREATE TABLE IF NOT EXISTS `periodicites` (
  `Id` int NOT NULL AUTO_INCREMENT,
  `Nom_periodicite` varchar(50) NOT NULL,
  `Duree_jrs` int DEFAULT NULL,
  PRIMARY KEY (`Id`)
) ENGINE=MyISAM AUTO_INCREMENT=4 DEFAULT CHARSET=utf8mb4 COLLATE=utf8mb4_0900_ai_ci;

--
-- Déchargement des données de la table `periodicites`
--

INSERT INTO `periodicites` (`Id`, `Nom_periodicite`, `Duree_jrs`) VALUES
(1, 'Mensuel', 30),
(2, 'Trimestriel', 90);

-- --------------------------------------------------------

--
-- Structure de la table `planning`
--

DROP TABLE IF EXISTS `planning`;
CREATE TABLE IF NOT EXISTS `planning` (
  `Id` int NOT NULL AUTO_INCREMENT,
  `Date_Prevue` date NOT NULL,
  `Id_Serie` int NOT NULL,
  `Id_Operation` int NOT NULL,
  `Id_Intervenant` int DEFAULT NULL,
  `Status` char(1) CHARACTER SET utf8mb4 COLLATE utf8mb4_0900_ai_ci NOT NULL DEFAULT 'I',
  PRIMARY KEY (`Id`),
  KEY `Id_Serie` (`Id_Serie`),
  KEY `Id_Intervenant` (`Id_Intervenant`),
  KEY `Id_Operation` (`Id_Operation`)
) ENGINE=InnoDB AUTO_INCREMENT=59 DEFAULT CHARSET=utf8mb4 COLLATE=utf8mb4_0900_ai_ci;

--
-- Déchargement des données de la table `planning`
--

INSERT INTO `planning` (`Id`, `Date_Prevue`, `Id_Serie`, `Id_Operation`, `Id_Intervenant`, `Status`) VALUES
(51, '2025-04-01', 1, 2, 1, 'A'),
(52, '2025-04-01', 2, 2, 1, 'R'),
(53, '2025-01-31', 11, 2, 12, 'A'),
(54, '2025-01-31', 12, 2, 12, 'A'),
(55, '2025-01-31', 11, 1, 2, 'A'),
(56, '2025-01-31', 12, 1, 2, 'A'),
(57, '2025-07-15', 1, 2, NULL, 'I'),
(58, '2025-07-15', 2, 2, NULL, 'I');

-- --------------------------------------------------------

--
-- Structure de la table `profiles`
--

DROP TABLE IF EXISTS `profiles`;
CREATE TABLE IF NOT EXISTS `profiles` (
  `Id` int NOT NULL AUTO_INCREMENT,
  `Nom_Profile` varchar(50) NOT NULL,
  PRIMARY KEY (`Id`)
) ENGINE=MyISAM AUTO_INCREMENT=3 DEFAULT CHARSET=utf8mb4 COLLATE=utf8mb4_0900_ai_ci;

--
-- Déchargement des données de la table `profiles`
--

INSERT INTO `profiles` (`Id`, `Nom_Profile`) VALUES
(1, 'P1'),
(2, 'P2');

-- --------------------------------------------------------

--
-- Structure de la table `sites`
--

DROP TABLE IF EXISTS `sites`;
CREATE TABLE IF NOT EXISTS `sites` (
  `Id` int NOT NULL AUTO_INCREMENT,
  `Nom_Site` varchar(50) NOT NULL,
  PRIMARY KEY (`Id`)
) ENGINE=InnoDB AUTO_INCREMENT=3 DEFAULT CHARSET=utf8mb4 COLLATE=utf8mb4_0900_ai_ci;

--
-- Déchargement des données de la table `sites`
--

INSERT INTO `sites` (`Id`, `Nom_Site`) VALUES
(1, 'S1'),
(2, 'S2');

-- --------------------------------------------------------

--
-- Structure de la table `sousfamilles`
--

DROP TABLE IF EXISTS `sousfamilles`;
CREATE TABLE IF NOT EXISTS `sousfamilles` (
  `Id` int NOT NULL AUTO_INCREMENT,
  `Id_Famille` int NOT NULL,
  `Nom_SousFamille` varchar(50) CHARACTER SET utf8mb4 COLLATE utf8mb4_0900_ai_ci NOT NULL,
  PRIMARY KEY (`Id`),
  KEY `Id_Famille` (`Id_Famille`)
) ENGINE=InnoDB AUTO_INCREMENT=5 DEFAULT CHARSET=utf8mb4 COLLATE=utf8mb4_0900_ai_ci;

--
-- Déchargement des données de la table `sousfamilles`
--

INSERT INTO `sousfamilles` (`Id`, `Id_Famille`, `Nom_SousFamille`) VALUES
(1, 1, 'SF1'),
(2, 2, 'SF2'),
(3, 1, 'SF3'),
(4, 1, 'SF4');

-- --------------------------------------------------------

--
-- Structure de la table `suivi_interventions`
--

DROP TABLE IF EXISTS `suivi_interventions`;
CREATE TABLE IF NOT EXISTS `suivi_interventions` (
  `Id` int NOT NULL AUTO_INCREMENT,
  `Id_Intervenant` int NOT NULL,
  `Date_Interv` datetime NOT NULL,
  `Date_prevue` date NOT NULL,
  `Date_realisation` date NOT NULL,
  `Id_planning` int DEFAULT NULL,
  `Id_constat` int DEFAULT NULL,
  PRIMARY KEY (`Id`),
  KEY `Id_planning` (`Id_planning`),
  KEY `Id_Intervenant` (`Id_Intervenant`),
  KEY `Id_constat` (`Id_constat`)
) ENGINE=InnoDB AUTO_INCREMENT=3 DEFAULT CHARSET=utf8mb4 COLLATE=utf8mb4_0900_ai_ci;

--
-- Déchargement des données de la table `suivi_interventions`
--

INSERT INTO `suivi_interventions` (`Id`, `Id_Intervenant`, `Date_Interv`, `Date_prevue`, `Date_realisation`, `Id_planning`, `Id_constat`) VALUES
(1, 1, '2025-04-16 14:53:55', '2025-04-01', '2025-04-02', 51, NULL),
(2, 1, '2025-04-16 14:53:55', '2025-04-01', '2025-04-02', 52, NULL);

-- --------------------------------------------------------

--
-- Structure de la table `valide_affect`
--

DROP TABLE IF EXISTS `valide_affect`;
CREATE TABLE IF NOT EXISTS `valide_affect` (
  `Id` int NOT NULL AUTO_INCREMENT,
  `Id_planning` int NOT NULL,
  `validation` tinyint(1) NOT NULL,
  `Date_Validation` date DEFAULT NULL,
  `Motif` text CHARACTER SET utf8mb4 COLLATE utf8mb4_0900_ai_ci,
  PRIMARY KEY (`Id`)
) ENGINE=MyISAM AUTO_INCREMENT=3 DEFAULT CHARSET=utf8mb4 COLLATE=utf8mb4_0900_ai_ci;

--
-- Déchargement des données de la table `valide_affect`
--

INSERT INTO `valide_affect` (`Id`, `Id_planning`, `validation`, `Date_Validation`, `Motif`) VALUES
(1, 53, 0, '2025-04-14', 'test'),
(2, 54, 1, '2025-04-14', 'test');

--
-- Contraintes pour les tables déchargées
--

--
-- Contraintes pour la table `articles`
--
ALTER TABLE `articles`
  ADD CONSTRAINT `articles_ibfk_1` FOREIGN KEY (`Id_SFamille`) REFERENCES `sousfamilles` (`Id`) ON DELETE RESTRICT ON UPDATE RESTRICT;

--
-- Contraintes pour la table `articles_series`
--
ALTER TABLE `articles_series`
  ADD CONSTRAINT `articles_series_ibfk_1` FOREIGN KEY (`Id_Article`) REFERENCES `articles` (`Id`) ON DELETE RESTRICT ON UPDATE RESTRICT,
  ADD CONSTRAINT `articles_series_ibfk_2` FOREIGN KEY (`Id_Marque`) REFERENCES `marques` (`Id`) ON DELETE RESTRICT ON UPDATE RESTRICT,
  ADD CONSTRAINT `articles_series_ibfk_3` FOREIGN KEY (`Id_Consommable`) REFERENCES `consommables` (`Id`) ON DELETE RESTRICT ON UPDATE RESTRICT;

--
-- Contraintes pour la table `aspnetroleclaims`
--
ALTER TABLE `aspnetroleclaims`
  ADD CONSTRAINT `FK_AspNetRoleClaims_AspNetRoles_RoleId` FOREIGN KEY (`RoleId`) REFERENCES `aspnetroles` (`Id`) ON DELETE CASCADE;

--
-- Contraintes pour la table `aspnetuserclaims`
--
ALTER TABLE `aspnetuserclaims`
  ADD CONSTRAINT `FK_AspNetUserClaims_AspNetUsers_UserId` FOREIGN KEY (`UserId`) REFERENCES `aspnetusers` (`Id`) ON DELETE CASCADE;

--
-- Contraintes pour la table `aspnetuserlogins`
--
ALTER TABLE `aspnetuserlogins`
  ADD CONSTRAINT `FK_AspNetUserLogins_AspNetUsers_UserId` FOREIGN KEY (`UserId`) REFERENCES `aspnetusers` (`Id`) ON DELETE CASCADE;

--
-- Contraintes pour la table `aspnetuserroles`
--
ALTER TABLE `aspnetuserroles`
  ADD CONSTRAINT `FK_AspNetUserRoles_AspNetRoles_RoleId` FOREIGN KEY (`RoleId`) REFERENCES `aspnetroles` (`Id`) ON DELETE CASCADE,
  ADD CONSTRAINT `FK_AspNetUserRoles_AspNetUsers_UserId` FOREIGN KEY (`UserId`) REFERENCES `aspnetusers` (`Id`) ON DELETE CASCADE;

--
-- Contraintes pour la table `aspnetusertokens`
--
ALTER TABLE `aspnetusertokens`
  ADD CONSTRAINT `FK_AspNetUserTokens_AspNetUsers_UserId` FOREIGN KEY (`UserId`) REFERENCES `aspnetusers` (`Id`) ON DELETE CASCADE;

--
-- Contraintes pour la table `constats`
--
ALTER TABLE `constats`
  ADD CONSTRAINT `constats_ibfk_1` FOREIGN KEY (`Id_article_serie`) REFERENCES `articles_series` (`Id`) ON DELETE RESTRICT ON UPDATE RESTRICT;

--
-- Contraintes pour la table `emplacements`
--
ALTER TABLE `emplacements`
  ADD CONSTRAINT `emplacements_ibfk_1` FOREIGN KEY (`Id_Site`) REFERENCES `sites` (`Id`) ON DELETE RESTRICT ON UPDATE RESTRICT;

--
-- Contraintes pour la table `familles`
--
ALTER TABLE `familles`
  ADD CONSTRAINT `familles_ibfk_1` FOREIGN KEY (`Id_Groupe`) REFERENCES `groupes` (`Id`) ON DELETE RESTRICT ON UPDATE RESTRICT;

--
-- Contraintes pour la table `interventions_details`
--
ALTER TABLE `interventions_details`
  ADD CONSTRAINT `interventions_details_ibfk_1` FOREIGN KEY (`Id_interventions`) REFERENCES `intervenants` (`Id`) ON DELETE RESTRICT ON UPDATE RESTRICT,
  ADD CONSTRAINT `interventions_details_ibfk_2` FOREIGN KEY (`Id_operation`) REFERENCES `operations` (`Id`) ON DELETE RESTRICT ON UPDATE RESTRICT;

--
-- Contraintes pour la table `modes_operatoires`
--
ALTER TABLE `modes_operatoires`
  ADD CONSTRAINT `modes_operatoires_ibfk_1` FOREIGN KEY (`Id_operation`) REFERENCES `operations` (`Id`) ON DELETE RESTRICT ON UPDATE RESTRICT,
  ADD CONSTRAINT `modes_operatoires_ibfk_2` FOREIGN KEY (`Id_consommable`) REFERENCES `consommables` (`Id`) ON DELETE RESTRICT ON UPDATE RESTRICT;

--
-- Contraintes pour la table `planning`
--
ALTER TABLE `planning`
  ADD CONSTRAINT `planning_ibfk_1` FOREIGN KEY (`Id_Serie`) REFERENCES `articles_series` (`Id`) ON DELETE RESTRICT ON UPDATE RESTRICT,
  ADD CONSTRAINT `planning_ibfk_2` FOREIGN KEY (`Id_Intervenant`) REFERENCES `intervenants` (`Id`) ON DELETE RESTRICT ON UPDATE RESTRICT,
  ADD CONSTRAINT `planning_ibfk_3` FOREIGN KEY (`Id_Operation`) REFERENCES `operations` (`Id`) ON DELETE RESTRICT ON UPDATE RESTRICT;

--
-- Contraintes pour la table `suivi_interventions`
--
ALTER TABLE `suivi_interventions`
  ADD CONSTRAINT `suivi_interventions_ibfk_1` FOREIGN KEY (`Id_planning`) REFERENCES `planning` (`Id`) ON DELETE RESTRICT ON UPDATE RESTRICT,
  ADD CONSTRAINT `suivi_interventions_ibfk_2` FOREIGN KEY (`Id_Intervenant`) REFERENCES `intervenants` (`Id`) ON DELETE RESTRICT ON UPDATE RESTRICT,
  ADD CONSTRAINT `suivi_interventions_ibfk_3` FOREIGN KEY (`Id_constat`) REFERENCES `constats` (`Id`) ON DELETE RESTRICT ON UPDATE RESTRICT;
COMMIT;

/*!40101 SET CHARACTER_SET_CLIENT=@OLD_CHARACTER_SET_CLIENT */;
/*!40101 SET CHARACTER_SET_RESULTS=@OLD_CHARACTER_SET_RESULTS */;
/*!40101 SET COLLATION_CONNECTION=@OLD_COLLATION_CONNECTION */;
